name,position,team,xP,assists,bonus,bps,clean_sheets,creativity,element,fixture,goals_conceded,goals_scored,ict_index,influence,kickoff_time,minutes,opponent_team,own_goals,penalties_missed,penalties_saved,red_cards,round,saves,selected,team_a_score,team_h_score,threat,total_points,transfers_balance,transfers_in,transfers_out,value,was_home,yellow_cards
Ibrahima Diallo,MID,Southampton,0.7,0,0,-7,0,0.1,565,59,2,0,0.0,0.0,2020-11-01T12:00:00Z,11,2,0,0,0,0,7,0,1140,4,3,0.0,0,185,325,140,45,False,1
Felipe Anderson Pereira Gomes,MID,West Ham,0.0,0,0,0,0,0.0,440,63,0,0,0.0,0.0,2020-10-31T17:30:00Z,0,11,0,0,0,0,7,0,11558,1,2,0.0,0,-1317,13,1330,62,False,0
Raheem Sterling,MID,Man City,6.3,0,0,17,1,18.3,276,66,0,0,8.2,9.8,2020-10-31T12:30:00Z,90,15,0,0,0,0,7,0,541559,1,0,54.0,3,-15902,43987,59889,116,False,0
Juan Mata,MID,Man Utd,1.5,0,0,0,0,0.0,290,64,0,0,0.0,0.0,2020-11-01T16:30:00Z,0,1,0,0,0,0,7,0,10652,1,0,0.0,0,91,1069,978,59,True,0
Aaron Connolly,FWD,Brighton,0.8,0,0,0,0,0.0,78,67,0,0,0.0,0.0,2020-11-01T19:15:00Z,0,17,0,0,0,0,7,0,43547,1,2,0.0,0,-7045,1470,8515,55,False,0
Oliver Norwood,MID,Sheffield Utd,-0.2,0,0,2,0,0.5,349,66,0,0,0.7,6.6,2020-10-31T12:30:00Z,25,12,0,0,0,0,7,0,15832,1,0,0.0,1,-1683,184,1867,48,True,0
Wilfried Zaha,MID,Crystal Palace,7.2,0,0,3,0,18.9,141,68,2,0,5.2,3.2,2020-10-30T20:00:00Z,90,20,0,0,0,0,7,0,2009284,0,2,30.0,1,441776,482570,40794,73,False,1
Bailey Peacock-Farrell,GK,Burnley,-0.5,0,0,0,0,0.0,99,60,0,0,0.0,0.0,2020-10-31T15:00:00Z,0,5,0,0,0,0,7,0,104548,3,0,0.0,0,-246,2331,2577,40,True,0
Ryan Fraser,MID,Newcastle,2.2,1,0,12,0,4.3,507,65,1,0,1.0,1.2,2020-11-01T14:00:00Z,16,7,0,0,0,0,7,0,23264,1,2,4.0,4,-1706,485,2191,58,True,0
Anthony Driscoll-Glennon,DEF,Burnley,-0.5,0,0,0,0,0.0,536,60,0,0,0.0,0.0,2020-10-31T15:00:00Z,0,5,0,0,0,0,7,0,5132,3,0,0.0,0,49,429,380,40,True,0
Cengiz Ünder,MID,Leicester,2.7,1,0,19,0,20.8,541,62,0,0,4.4,21.2,2020-11-02T20:00:00Z,19,10,0,0,0,0,7,0,4893,4,1,2.0,4,1213,1718,505,59,False,0
Hélder Wander Sousa de Azevedo e Costa,MID,Leeds,2.8,0,0,7,0,13.6,205,62,4,0,2.7,7.2,2020-11-02T20:00:00Z,90,9,0,0,0,0,7,0,715168,4,1,6.0,2,31674,72013,40339,57,True,0
Jean Michaël Seri,MID,Fulham,0.0,0,0,0,0,0.0,189,61,0,0,0.0,0.0,2020-11-02T17:30:00Z,0,18,0,0,0,0,7,0,3816,0,2,0.0,0,-794,6,800,47,True,0
Raúl Jiménez,FWD,Wolves,5.7,0,0,8,1,14.9,460,68,0,0,3.7,8.8,2020-10-30T20:00:00Z,90,6,0,0,0,0,7,0,1414577,0,2,13.0,2,-38064,48565,86629,85,True,0
Oskar Buur,DEF,Wolves,0.5,0,0,0,0,0.0,467,68,0,0,0.0,0.0,2020-10-30T20:00:00Z,0,6,0,0,0,0,7,0,181930,0,2,0.0,0,-8074,5124,13198,40,True,0
Kieran Tierney,DEF,Arsenal,3.0,0,0,28,1,12.4,17,64,0,0,3.3,18.6,2020-11-01T16:30:00Z,90,13,0,0,0,0,7,0,389707,1,0,2.0,6,-13105,6304,19409,54,False,0
José Diogo Dalot Teixeira,DEF,Man Utd,0.0,0,0,0,0,0.0,314,64,0,0,0.0,0.0,2020-11-01T16:30:00Z,0,1,0,0,0,0,7,0,2641,1,0,0.0,0,-171,17,188,48,True,0
James Bree,DEF,Aston Villa,0.0,0,0,0,0,0.0,43,59,0,0,0.0,0.0,2020-11-01T12:00:00Z,0,16,0,0,0,0,7,0,533,4,3,0.0,0,-19,6,25,45,True,0
Branislav Ivanovic,DEF,West Brom,2.2,0,0,14,0,10.4,530,61,2,0,3.6,25.8,2020-11-02T17:30:00Z,90,8,0,0,0,0,7,0,11861,0,2,0.0,1,2831,3572,741,45,False,0
Dennis Praet,MID,Leicester,2.0,0,0,8,0,3.6,225,62,1,0,1.4,6.4,2020-11-02T20:00:00Z,62,10,0,0,0,0,7,0,31279,4,1,4.0,2,-2931,1008,3939,55,False,0
Max Lowe,DEF,Sheffield Utd,-0.2,0,0,5,0,1.8,511,66,1,0,1.5,11.2,2020-10-31T12:30:00Z,80,12,0,0,0,0,7,0,4182,1,0,2.0,2,-241,58,299,44,True,0
Brandon Williams,DEF,Man Utd,0.0,0,0,0,0,0.0,318,64,0,0,0.0,0.0,2020-11-01T16:30:00Z,0,1,0,0,0,0,7,0,64457,1,0,0.0,0,-4161,739,4900,43,True,0
Neal Maupay,FWD,Brighton,0.8,0,0,0,0,0.0,68,67,0,0,0.0,0.0,2020-11-01T19:15:00Z,0,17,0,0,0,0,7,0,408386,1,2,0.0,0,-108481,12029,120510,66,False,0
Moise Kean,FWD,Everton,0.0,0,0,0,0,0.0,169,65,0,0,0.0,0.0,2020-11-01T14:00:00Z,0,14,0,0,0,0,7,0,17834,1,2,0.0,0,-1220,72,1292,58,False,0
Aymeric Laporte,DEF,Man City,3.7,0,2,29,1,11.4,280,66,0,0,3.6,20.4,2020-10-31T12:30:00Z,90,15,0,0,0,0,7,0,189224,1,0,4.0,8,-2703,9433,12136,60,False,0
Zack Steffen,GK,Man City,1.0,0,0,0,0,0.0,538,66,0,0,0.0,0.0,2020-10-31T12:30:00Z,0,15,0,0,0,0,7,0,1692,1,0,0.0,0,-27,83,110,45,False,0
Fabricio Agosto Ramírez,GK,Fulham,0.0,0,0,0,0,0.0,171,61,0,0,0.0,0.0,2020-11-02T17:30:00Z,0,18,0,0,0,0,7,0,130407,0,2,0.0,0,-1683,1477,3160,40,True,0
Mark Noble,MID,West Ham,-0.8,0,0,0,0,0.0,427,63,0,0,0.0,0.0,2020-10-31T17:30:00Z,0,11,0,0,0,0,7,0,48222,1,2,0.0,0,-5278,454,5732,48,False,0
Bernardo Mota Veiga de Carvalho e Silva,MID,Man City,3.7,0,0,15,1,9.3,281,66,0,0,3.7,10.2,2020-10-31T12:30:00Z,90,15,0,0,0,0,7,0,44531,1,0,17.0,3,-1213,5173,6386,74,False,0
Jordan Henderson,MID,Liverpool,2.5,0,0,12,0,9.3,244,63,1,0,2.6,15.2,2020-10-31T17:30:00Z,90,19,0,0,0,0,7,0,89692,1,2,1.0,2,-175,4713,4888,54,True,0
Curtis Jones,MID,Liverpool,1.8,0,0,11,0,11.4,263,63,1,0,2.7,6.2,2020-10-31T17:30:00Z,69,19,0,0,0,0,7,0,37339,1,2,9.0,2,285,3639,3354,44,True,0
William Saliba,DEF,Arsenal,0.0,0,0,0,0,0.0,27,64,0,0,0.0,0.0,2020-11-01T16:30:00Z,0,13,0,0,0,0,7,0,65970,1,0,0.0,0,-5449,1085,6534,42,False,0
Pascal Struijk,DEF,Leeds,0.2,0,0,0,0,0.0,211,62,0,0,0.0,0.0,2020-11-02T20:00:00Z,0,9,0,0,0,0,7,0,182060,4,1,0.0,0,10118,22408,12290,40,True,0
Matt Ritchie,MID,Newcastle,0.0,0,0,0,0,0.0,322,65,0,0,0.0,0.0,2020-11-01T14:00:00Z,0,7,0,0,0,0,7,0,3298,1,2,0.0,0,-258,18,276,49,True,0
Gary Cahill,DEF,Crystal Palace,0.1,0,0,0,0,0.0,125,68,0,0,0.0,0.0,2020-10-30T20:00:00Z,0,20,0,0,0,0,7,0,5905,0,2,0.0,0,-596,230,826,45,False,0
Joel Ward,DEF,Crystal Palace,0.0,0,0,0,0,0.0,134,68,0,0,0.0,0.0,2020-10-30T20:00:00Z,0,20,0,0,0,0,7,0,100625,0,2,0.0,0,-19424,798,20222,45,False,0
Karl Darlow,GK,Newcastle,4.2,0,0,16,0,0.0,325,65,1,0,2.4,24.0,2020-11-01T14:00:00Z,90,7,0,0,0,0,7,3,123516,1,2,0.0,3,3022,10564,7542,50,True,0
Toby Alderweireld,DEF,Spurs,3.3,0,0,12,0,0.3,386,67,1,0,1.6,15.4,2020-11-01T19:15:00Z,90,3,0,0,0,0,7,0,131832,1,2,0.0,2,4735,8920,4185,54,True,0
Joe Bryan,DEF,Fulham,0.8,0,0,3,0,0.0,182,61,0,0,0.2,2.0,2020-11-02T17:30:00Z,1,18,0,0,0,0,7,0,37473,0,2,0.0,1,-4015,659,4674,48,True,0
Shane Long,FWD,Southampton,0.8,0,0,2,0,0.0,361,59,2,0,0.0,0.0,2020-11-01T12:00:00Z,5,2,0,0,0,0,7,0,49886,4,3,0.0,1,-4734,1254,5988,53,False,0
Bernd Leno,GK,Arsenal,3.5,0,0,27,1,0.0,8,64,0,0,2.1,21.4,2020-11-01T16:30:00Z,90,13,0,0,0,0,7,3,664379,1,0,0.0,7,-33754,6637,40391,50,False,0
Ivan Ricardo Neves Abreu Cavaleiro,MID,Fulham,1.0,0,0,1,0,0.5,187,61,0,0,0.1,0.2,2020-11-02T17:30:00Z,5,18,0,0,0,0,7,0,7045,0,2,0.0,1,-589,88,677,54,True,0
Luke Ayling,DEF,Leeds,1.8,0,0,20,0,30.3,197,62,4,0,5.0,15.6,2020-11-02T20:00:00Z,90,9,0,0,0,0,7,0,324419,4,1,4.0,0,18994,27978,8984,45,True,0
Jesse Lingard,MID,Man Utd,0.0,0,0,0,0,0.0,301,64,0,0,0.0,0.0,2020-11-01T16:30:00Z,0,1,0,0,0,0,7,0,10962,1,0,0.0,0,-1283,49,1332,59,True,0
Robbie Brady,MID,Burnley,0.2,0,0,1,0,0.8,95,60,0,0,0.5,2.4,2020-10-31T15:00:00Z,17,5,0,0,0,0,7,0,3289,3,0,2.0,1,-114,104,218,50,True,0
Neil Taylor,DEF,Aston Villa,0.0,0,0,0,0,0.0,31,59,0,0,0.0,0.0,2020-11-01T12:00:00Z,0,16,0,0,0,0,7,0,16999,4,3,0.0,0,-1008,407,1415,44,True,0
Jamie Vardy,FWD,Leicester,6.3,2,2,50,0,23.6,224,62,1,1,15.7,55.2,2020-11-02T20:00:00Z,84,10,0,0,0,0,7,0,1299954,4,1,78.0,14,17267,90813,73546,100,False,0
Tyrick Mitchell,DEF,Crystal Palace,0.4,0,0,0,0,0.0,146,68,0,0,0.0,0.0,2020-10-30T20:00:00Z,0,20,0,0,0,0,7,0,1891746,0,2,0.0,0,-52387,33850,86237,42,False,0
Neco Williams,DEF,Liverpool,1.0,0,0,0,0,0.0,264,63,0,0,0.0,0.0,2020-10-31T17:30:00Z,0,19,0,0,0,0,7,0,235543,1,2,0.0,0,-3798,7495,11293,40,True,0
Jeff Hendrick,MID,Newcastle,1.5,0,0,7,0,1.2,485,65,1,0,1.7,8.2,2020-11-01T14:00:00Z,90,7,0,0,0,0,7,0,244934,1,2,8.0,2,-22602,7219,29821,50,True,0
Léo Bonatini,FWD,Wolves,0.0,0,0,0,0,0.0,463,68,0,0,0.0,0.0,2020-10-30T20:00:00Z,0,6,0,0,0,0,7,0,11974,0,2,0.0,0,-849,162,1011,49,True,0
Ethan Ampadu,DEF,Sheffield Utd,-0.2,0,0,9,0,5.1,509,66,1,0,2.2,16.4,2020-10-31T12:30:00Z,64,12,0,0,0,0,7,0,42247,1,0,0.0,2,-1699,902,2601,45,True,0
Çaglar Söyüncü,DEF,Leicester,0.0,0,0,0,0,0.0,238,62,0,0,0.0,0.0,2020-11-02T20:00:00Z,0,10,0,0,0,0,7,0,325591,4,1,0.0,0,-91782,123,91905,54,False,0
Mace Goodridge,MID,Burnley,-0.5,0,0,0,0,0.0,551,60,0,0,0.0,0.0,2020-10-31T15:00:00Z,0,5,0,0,0,0,7,0,503,3,0,0.0,0,11,92,81,45,True,0
Youri Tielemans,MID,Leicester,5.5,0,3,52,0,3.6,228,62,1,2,10.8,70.6,2020-11-02T20:00:00Z,90,10,0,0,0,0,7,0,119451,4,1,34.0,15,-7516,3939,11455,64,False,0
Oliver Burke,MID,Sheffield Utd,-0.5,0,0,0,0,0.0,424,66,0,0,0.0,0.0,2020-10-31T12:30:00Z,0,12,0,0,0,0,7,0,69125,1,0,0.0,0,-3959,1427,5386,45,True,0
Bruno Miguel Borges Fernandes,MID,Man Utd,5.5,0,0,7,0,17.5,302,64,1,0,3.5,9.2,2020-11-01T16:30:00Z,74,1,0,0,0,0,7,0,1601697,1,0,8.0,2,-17677,68832,86509,105,True,0
Illan Meslier,GK,Leeds,2.8,0,0,16,0,0.0,213,62,4,0,2.7,26.8,2020-11-02T20:00:00Z,90,9,0,0,0,0,7,4,301937,4,1,0.0,1,37712,46275,8563,45,True,0
Kelechi Iheanacho,FWD,Leicester,1.3,0,0,0,0,0.0,233,62,0,0,0.0,0.0,2020-11-02T20:00:00Z,0,10,0,0,0,0,7,0,23761,4,1,0.0,0,-1799,773,2572,57,False,0
Craig Dawson,DEF,West Ham,-1.0,0,0,0,0,0.0,576,63,0,0,0.0,0.0,2020-10-31T17:30:00Z,0,11,0,0,0,0,7,0,851,1,2,0.0,0,2,122,120,45,False,0
Anthony Gordon,MID,Everton,0.8,0,0,0,0,0.0,168,65,0,0,0.0,0.0,2020-11-01T14:00:00Z,0,14,0,0,0,0,7,0,31877,1,2,0.0,0,-585,1684,2269,44,False,0
Kyle Walker-Peters,DEF,Southampton,3.0,0,0,9,0,1.0,375,59,3,0,2.4,22.6,2020-11-01T12:00:00Z,90,2,0,0,0,0,7,0,801021,4,3,0.0,1,20542,39284,18742,45,False,0
Sam Johnstone,GK,West Brom,4.5,0,0,15,0,0.0,417,61,2,0,1.5,14.6,2020-11-02T17:30:00Z,90,8,0,0,0,0,7,2,76088,0,2,0.0,1,10158,13478,3320,45,False,0
Rayan Ait Nouri,DEF,Wolves,5.5,0,3,39,1,4.4,563,68,0,1,7.5,43.4,2020-10-30T20:00:00Z,90,6,0,0,0,0,7,0,1190,0,2,27.0,15,-133,162,295,50,True,0
Joel Matip,DEF,Liverpool,0.9,0,0,0,0,0.0,246,63,0,0,0.0,0.0,2020-10-31T17:30:00Z,0,19,0,0,0,0,7,0,20570,1,2,0.0,0,-3019,287,3306,54,True,0
Gabriel Fernando de Jesus,FWD,Man City,0.5,0,0,0,0,0.0,282,66,0,0,0.0,0.0,2020-10-31T12:30:00Z,0,15,0,0,0,0,7,0,53446,1,0,0.0,0,-3214,169,3383,93,False,0
Kevin De Bruyne,MID,Man City,3.3,1,0,22,1,48.7,272,66,0,0,9.6,26.4,2020-10-31T12:30:00Z,90,15,0,0,0,0,7,0,1151266,1,0,21.0,6,6991,85335,78344,115,False,0
Gylfi Sigurdsson,MID,Everton,1.8,0,0,6,0,32.0,150,65,2,0,9.4,12.8,2020-11-01T14:00:00Z,90,14,0,0,0,0,7,0,69410,1,2,49.0,2,-1747,1695,3442,68,False,0
Fernando Luiz Rosa,DEF,Man City,0.0,0,0,0,0,0.0,266,66,0,0,0.0,0.0,2020-10-31T12:30:00Z,0,15,0,0,0,0,7,0,63220,1,0,0.0,0,-18411,64,18475,54,False,0
Fabián Balbuena,DEF,West Ham,2.8,0,0,8,0,0.0,443,63,2,0,1.9,17.0,2020-10-31T17:30:00Z,90,11,0,0,0,0,7,0,72502,1,2,2.0,1,12590,18165,5575,44,False,0
Kenneth Zohore,FWD,West Brom,0.0,0,0,0,0,0.0,416,61,0,0,0.0,0.0,2020-11-02T17:30:00Z,0,8,0,0,0,0,7,0,3209,0,2,0.0,0,-265,58,323,49,False,0
Eric Dier,DEF,Spurs,3.0,0,0,13,0,0.3,391,67,1,0,2.0,19.4,2020-11-01T19:15:00Z,90,3,0,0,0,0,7,0,87808,1,2,0.0,2,4035,9405,5370,49,True,0
Phil Foden,MID,Man City,5.3,0,0,4,0,0.8,284,66,0,0,0.5,2.2,2020-10-31T12:30:00Z,9,15,0,0,0,0,7,0,696537,1,0,2.0,1,110593,141792,31199,66,False,0
James Garner,MID,Man Utd,0.0,0,0,0,0,0.0,317,64,0,0,0.0,0.0,2020-11-01T16:30:00Z,0,1,0,0,0,0,7,0,4536,1,0,0.0,0,-401,56,457,44,True,0
Riyad Mahrez,MID,Man City,3.7,0,0,10,1,20.1,275,66,0,0,5.5,9.8,2020-10-31T12:30:00Z,84,15,0,0,0,0,7,0,247155,1,0,25.0,3,-41126,18923,60049,84,False,0
Trent Alexander-Arnold,DEF,Liverpool,2.0,0,0,18,0,25.2,259,63,1,0,5.7,17.6,2020-10-31T17:30:00Z,90,19,0,0,0,0,7,0,2437601,1,2,14.0,2,-172615,35782,208397,74,True,0
Jake Livermore,MID,West Brom,1.0,0,0,4,0,14.7,409,61,2,0,2.8,10.8,2020-11-02T17:30:00Z,55,8,0,0,0,0,7,0,7397,0,2,2.0,1,-364,460,824,48,False,0
Niels Nkounkou,DEF,Everton,0.8,0,0,6,0,5.3,559,65,1,0,2.0,13.8,2020-11-01T14:00:00Z,68,14,0,0,0,0,7,0,11222,1,2,1.0,1,2464,3376,912,40,False,1
Sokratis Papastathopoulos,DEF,Arsenal,0.0,0,0,0,0,0.0,2,64,0,0,0.0,0.0,2020-11-01T16:30:00Z,0,13,0,0,0,0,7,0,5829,1,0,0.0,0,-608,18,626,49,False,0
Harrison Reed,MID,Fulham,1.0,0,0,3,0,11.3,373,61,0,0,1.6,5.0,2020-11-02T17:30:00Z,45,18,0,0,0,0,7,0,49566,0,2,0.0,0,-1767,1093,2860,45,True,1
John Stones,DEF,Man City,1.0,0,0,0,0,0.0,273,66,0,0,0.0,0.0,2020-10-31T12:30:00Z,0,15,0,0,0,0,7,0,31388,1,0,0.0,0,-2334,842,3176,49,False,0
Jonathan Castro Otto,DEF,Wolves,0.0,0,0,0,0,0.0,462,68,0,0,0.0,0.0,2020-10-30T20:00:00Z,0,6,0,0,0,0,7,0,1674,0,2,0.0,0,-71,40,111,54,True,0
Kelland Watts,DEF,Newcastle,0.0,0,0,0,0,0.0,342,65,0,0,0.0,0.0,2020-11-01T14:00:00Z,0,7,0,0,0,0,7,0,16999,1,2,0.0,0,-594,106,700,40,True,0
Jeffrey Schlupp,MID,Crystal Palace,2.2,0,0,12,0,2.9,142,68,2,0,3.1,10.0,2020-10-30T20:00:00Z,64,20,0,0,0,0,7,0,6659,0,2,18.0,2,-122,416,538,55,False,0
Richarlison de Andrade,FWD,Everton,0.0,0,0,0,0,0.0,166,65,0,0,0.0,0.0,2020-11-01T14:00:00Z,0,14,0,0,0,0,7,0,298373,1,2,0.0,0,-62633,544,63177,78,False,0
James Rodríguez,MID,Everton,0.0,0,0,0,0,0.0,508,65,0,0,0.0,0.0,2020-11-01T14:00:00Z,0,14,0,0,0,0,7,0,2489808,1,2,0.0,0,-353780,81447,435227,80,False,0
Danny Welbeck,FWD,Brighton,0.0,0,0,3,0,0.8,588,67,0,0,0.3,0.0,2020-11-01T19:15:00Z,16,17,0,0,0,0,7,0,1352,1,2,2.0,1,295,578,283,55,False,0
Edward Nketiah,FWD,Arsenal,1.0,0,0,4,0,0.3,22,64,0,0,0.3,3.0,2020-11-01T16:30:00Z,14,13,0,0,0,0,7,0,51252,1,0,0.0,1,-6047,1137,7184,57,False,0
Aboubakar Kamara,MID,Fulham,0.0,0,0,0,0,0.0,190,61,0,0,0.0,0.0,2020-11-02T17:30:00Z,0,18,0,0,0,0,7,0,4727,0,2,0.0,0,-1145,32,1177,49,True,0
Timo Werner,FWD,Chelsea,8.8,0,1,34,1,25.8,117,60,0,1,11.4,42.2,2020-10-31T15:00:00Z,90,4,0,0,0,0,7,0,1519754,3,0,46.0,7,-24129,83534,107663,93,False,0
Edouard Mendy,GK,Chelsea,4.8,0,0,19,1,0.0,548,60,0,0,0.3,3.4,2020-10-31T15:00:00Z,90,4,0,0,0,0,7,0,236936,3,0,0.0,6,126963,132126,5163,50,False,0
Vitor Ferreira,MID,Wolves,0.5,0,0,0,0,0.0,515,68,0,0,0.0,0.0,2020-10-30T20:00:00Z,0,6,0,0,0,0,7,0,2350,0,2,0.0,0,-147,56,203,49,True,0
Tim Ream,DEF,Fulham,1.2,0,0,0,0,0.0,176,61,0,0,0.0,0.0,2020-11-02T17:30:00Z,0,18,0,0,0,0,7,0,13874,0,2,0.0,0,208,1490,1282,44,True,0
Reece James,DEF,Chelsea,5.5,0,0,25,1,9.9,123,60,0,0,3.0,6.8,2020-10-31T15:00:00Z,90,4,0,0,0,0,7,0,833926,3,0,13.0,6,30239,66708,36469,50,False,0
Ollie Watkins,FWD,Aston Villa,7.5,0,1,36,0,22.8,514,59,4,1,13.0,46.8,2020-11-01T12:00:00Z,90,16,0,0,0,0,7,0,354508,4,3,60.0,7,-29036,39546,68582,60,True,0
Davinson Sánchez,DEF,Spurs,0.7,0,0,0,0,0.0,398,67,0,0,0.0,0.0,2020-11-01T19:15:00Z,0,3,0,0,0,0,7,0,66996,1,2,0.0,0,-2421,2085,4506,54,True,0
Gabriel Teodoro Martinelli Silva,MID,Arsenal,0.0,0,0,0,0,0.0,26,64,0,0,0.0,0.0,2020-11-01T16:30:00Z,0,13,0,0,0,0,7,0,1730,1,0,0.0,0,-84,54,138,49,False,0
Roberto Firmino,FWD,Liverpool,5.5,0,0,6,0,4.3,249,63,1,0,1.3,1.0,2020-10-31T17:30:00Z,69,19,0,0,0,0,7,0,191798,1,2,8.0,2,-3241,9152,12393,93,True,0
Jonjo Shelvey,MID,Newcastle,0.0,0,0,0,0,0.0,321,65,0,0,0.0,0.0,2020-11-01T14:00:00Z,0,7,0,0,0,0,7,0,14233,1,2,0.0,0,-3886,103,3989,54,True,0
Jamal Lewis,DEF,Newcastle,0.8,0,0,18,0,15.8,513,65,1,0,3.2,16.4,2020-11-01T14:00:00Z,90,7,0,0,0,0,7,0,159005,1,2,0.0,2,-8152,4098,12250,44,True,0
Japhet Tanganga,DEF,Spurs,0.0,0,0,0,0,0.0,402,67,0,0,0.0,0.0,2020-11-01T19:15:00Z,0,3,0,0,0,0,7,0,3315,1,2,0.0,0,-317,10,327,49,True,0
Patrick van Aanholt,DEF,Crystal Palace,-0.2,0,0,6,0,18.6,139,68,2,0,3.6,10.4,2020-10-30T20:00:00Z,90,20,0,0,0,0,7,0,17971,0,2,7.0,0,2250,4669,2419,54,False,1
Jamaal Lascelles,DEF,Newcastle,0.4,0,0,15,0,0.0,328,65,1,0,3.2,13.8,2020-11-01T14:00:00Z,90,7,0,0,0,0,7,0,149306,1,2,18.0,2,-10660,2334,12994,44,True,0
José Ignacio Peleteiro Romallo,MID,Aston Villa,0.0,0,0,0,0,0.0,34,59,0,0,0.0,0.0,2020-11-01T12:00:00Z,0,16,0,0,0,0,7,0,4093,4,3,0.0,0,-401,12,413,59,True,0
Claudio Bravo,GK,Man City,0.0,0,0,0,0,0.0,267,66,0,0,0.0,0.0,2020-10-31T12:30:00Z,0,15,0,0,0,0,7,0,1953,1,0,0.0,0,-64,15,79,45,False,0
Jonathan Leko,MID,West Brom,0.0,0,0,0,0,0.0,420,61,0,0,0.0,0.0,2020-11-02T17:30:00Z,0,8,0,0,0,0,7,0,2287,0,2,0.0,0,-134,15,149,45,False,0
Solomon March,MID,Brighton,2.2,0,0,10,0,16.7,65,67,1,0,3.1,6.4,2020-11-01T19:15:00Z,64,17,0,0,0,0,7,0,86542,1,2,8.0,2,-1636,10361,11997,50,False,0
Issa Diop,DEF,West Ham,-1.0,0,0,0,0,0.0,451,63,0,0,0.0,0.0,2020-10-31T17:30:00Z,0,11,0,0,0,0,7,0,50004,1,2,0.0,0,-3405,439,3844,45,False,0
John Egan,DEF,Sheffield Utd,0.5,0,0,13,0,0.4,353,66,1,0,1.7,16.4,2020-10-31T12:30:00Z,90,12,0,0,0,0,7,0,277843,1,0,0.0,2,-22002,773,22775,49,True,0
Matija Sarkic,GK,Wolves,0.0,0,0,0,0,0.0,472,68,0,0,0.0,0.0,2020-10-30T20:00:00Z,0,6,0,0,0,0,7,0,9612,0,2,0.0,0,-794,33,827,45,True,0
Angelo Ogbonna,DEF,West Ham,1.2,0,0,8,0,0.2,432,63,2,0,1.1,10.4,2020-10-31T17:30:00Z,90,11,0,0,0,0,7,0,29960,1,2,0.0,1,388,1963,1575,49,False,0
Virgil van Dijk,DEF,Liverpool,0.0,0,0,0,0,0.0,250,63,0,0,0.0,0.0,2020-10-31T17:30:00Z,0,19,0,0,0,0,7,0,758415,1,2,0.0,0,-275779,441,276220,64,True,0
Darnell Furlong,DEF,West Brom,2.5,0,0,13,0,15.0,422,61,2,0,4.6,26.6,2020-11-02T17:30:00Z,90,8,0,0,0,0,7,0,11141,0,2,4.0,1,824,1816,992,45,False,0
Luka Milivojevic,MID,Crystal Palace,0.2,0,0,3,0,3.6,138,68,2,0,0.8,3.6,2020-10-30T20:00:00Z,85,20,0,0,0,1,7,0,26090,0,2,1.0,-1,-1574,451,2025,57,False,0
Victor Lindelöf,DEF,Man Utd,2.5,0,0,15,0,2.1,308,64,1,0,1.9,14.6,2020-11-01T16:30:00Z,90,1,0,0,0,0,7,0,93619,1,0,2.0,2,2633,6232,3599,49,True,0
Dara O'Shea,DEF,West Brom,0.2,0,0,0,0,0.0,425,61,0,0,0.0,0.0,2020-11-02T17:30:00Z,0,8,0,0,0,0,7,0,14808,0,2,0.0,0,-1027,218,1245,44,False,0
Alphonse Areola,GK,Fulham,3.8,0,0,22,1,0.0,516,61,0,0,1.0,10.4,2020-11-02T17:30:00Z,90,18,0,0,0,0,7,1,98365,0,2,0.0,6,396,5597,5201,45,True,0
Yerry Mina,DEF,Everton,1.2,0,0,9,0,1.2,162,65,2,0,0.9,8.0,2020-11-01T14:00:00Z,90,14,0,0,0,0,7,0,172821,1,2,0.0,0,7794,16798,9004,55,False,1
Nathan Aké,DEF,Man City,1.4,0,0,0,0,0.0,279,66,0,0,0.0,0.0,2020-10-31T12:30:00Z,0,15,0,0,0,0,7,0,434208,1,0,0.0,0,-81984,1497,83481,55,False,0
Nathaniel Phillips,DEF,Liverpool,2.0,0,0,14,0,11.7,589,63,1,0,3.4,22.2,2020-10-31T17:30:00Z,90,19,0,0,0,0,7,0,1380,1,2,0.0,2,873,1054,181,40,True,0
Steven Alzate,MID,Brighton,-0.2,0,0,0,0,0.0,79,67,0,0,0.0,0.0,2020-11-01T19:15:00Z,0,17,0,0,0,0,7,0,74348,1,2,0.0,0,-5905,1030,6935,45,False,0
Sadio Mané,MID,Liverpool,5.0,0,0,10,0,29.5,251,63,1,0,7.3,16.6,2020-10-31T17:30:00Z,90,19,0,0,0,0,7,0,734819,1,2,27.0,2,78735,99064,20329,120,True,0
Jarrad Branthwaite,DEF,Everton,0.5,0,0,0,0,0.0,170,65,0,0,0.0,0.0,2020-11-01T14:00:00Z,0,14,0,0,0,0,7,0,170703,1,2,0.0,0,7273,19098,11825,39,False,0
Nathan Ferguson,DEF,Crystal Palace,0.0,0,0,0,0,0.0,145,68,0,0,0.0,0.0,2020-10-30T20:00:00Z,0,20,0,0,0,0,7,0,67118,0,2,0.0,0,-3738,524,4262,40,False,0
Javier Manquillo,DEF,Newcastle,-0.5,0,0,0,0,0.0,332,65,0,0,0.0,0.0,2020-11-01T14:00:00Z,0,7,0,0,0,0,7,0,24405,1,2,0.0,0,-2466,130,2596,45,True,0
Josh Sims,MID,Southampton,0.0,0,0,0,0,0.0,374,59,0,0,0.0,0.0,2020-11-01T12:00:00Z,0,2,0,0,0,0,7,0,9843,4,3,0.0,0,-1346,190,1536,44,False,0
Facundo Pellistri,MID,Man Utd,0.0,0,0,0,0,0.0,575,64,0,0,0.0,0.0,2020-11-01T16:30:00Z,0,1,0,0,0,0,7,0,557,1,0,0.0,0,-117,73,190,55,True,0
James Justin,DEF,Leicester,3.3,0,0,8,0,0.6,239,62,1,0,2.2,17.0,2020-11-02T20:00:00Z,90,10,0,0,0,0,7,0,1613153,4,1,4.0,2,24390,61208,36818,48,False,0
Antonio Rüdiger,DEF,Chelsea,0.5,0,0,0,0,0.0,109,60,0,0,0.0,0.0,2020-10-31T15:00:00Z,0,4,0,0,0,0,7,0,59731,3,0,0.0,0,-2958,1902,4860,46,False,0
Konstantinos Tsimikas,DEF,Liverpool,0.0,0,0,0,0,0.0,242,63,0,0,0.0,0.0,2020-10-31T17:30:00Z,0,19,0,0,0,0,7,0,2384,1,2,0.0,0,-176,14,190,49,True,0
Nicolas Pépé,MID,Arsenal,2.2,0,0,0,0,0.0,18,64,0,0,0.0,0.0,2020-11-01T16:30:00Z,0,13,0,0,0,0,7,0,64070,1,0,0.0,0,-3323,2541,5864,77,False,0
Bertrand Traoré,MID,Aston Villa,1.0,0,0,2,0,0.2,540,59,1,0,0.7,0.0,2020-11-01T12:00:00Z,28,16,0,0,0,0,7,0,3479,4,3,8.0,1,-305,264,569,59,True,0
Sam Field,MID,West Brom,0.0,0,0,0,0,0.0,423,61,0,0,0.0,0.0,2020-11-02T17:30:00Z,0,8,0,0,0,0,7,0,1360,0,2,0.0,0,-180,5,185,48,False,0
Stefan Johansen,MID,Fulham,0.0,0,0,0,0,0.0,174,61,0,0,0.0,0.0,2020-11-02T17:30:00Z,0,18,0,0,0,0,7,0,1733,0,2,0.0,0,-296,1,297,48,True,0
Josh Benson,MID,Burnley,-0.5,0,0,0,0,0.0,535,60,0,0,0.0,0.0,2020-10-31T15:00:00Z,0,5,0,0,0,0,7,0,1346,3,0,0.0,0,25,141,116,45,True,0
Wes Morgan,DEF,Leicester,0.7,0,0,3,0,0.0,216,62,0,0,0.2,2.0,2020-11-02T20:00:00Z,5,10,0,0,0,0,7,0,10515,4,1,0.0,1,-221,548,769,44,False,0
William Smallbone,MID,Southampton,0.0,0,0,0,0,0.0,379,59,0,0,0.0,0.0,2020-11-01T12:00:00Z,0,2,0,0,0,0,7,0,24370,4,3,0.0,0,-3893,32,3925,45,False,0
Granit Xhaka,MID,Arsenal,1.0,0,0,0,0,0.0,9,64,0,0,0.0,0.0,2020-11-01T16:30:00Z,0,13,0,0,0,0,7,0,42146,1,0,0.0,0,-2737,789,3526,54,False,0
Christian Fuchs,DEF,Leicester,2.5,0,0,11,0,1.4,218,62,1,0,1.7,16.0,2020-11-02T20:00:00Z,90,10,0,0,0,0,7,0,11091,4,1,0.0,2,973,1485,512,45,False,0
Max Kilman,DEF,Wolves,7.7,0,0,25,1,1.0,470,68,0,0,1.5,12.4,2020-10-30T20:00:00Z,90,6,0,0,0,0,7,0,822723,0,2,2.0,6,215730,233706,17976,42,True,0
Jacob Ramsey,MID,Aston Villa,0.0,0,0,0,0,0.0,554,59,0,0,0.0,0.0,2020-11-01T12:00:00Z,0,16,0,0,0,0,7,0,4690,4,3,0.0,0,312,1005,693,45,True,0
Jack Butland,GK,Crystal Palace,-0.5,0,0,0,0,0.0,586,68,0,0,0.0,0.0,2020-10-30T20:00:00Z,0,20,0,0,0,0,7,0,977,0,2,0.0,0,42,276,234,45,False,0
Georginio Wijnaldum,MID,Liverpool,2.8,0,0,15,0,6.8,243,63,1,0,1.4,7.6,2020-10-31T17:30:00Z,90,19,0,0,0,0,7,0,93303,1,2,0.0,2,-5076,2717,7793,53,True,0
Adam Lallana,MID,Brighton,1.8,0,0,4,0,16.1,54,67,2,0,3.2,0.0,2020-11-01T19:15:00Z,90,17,0,0,0,0,7,0,33221,1,2,18.0,2,-2018,813,2831,63,False,0
Michael Hector,DEF,Fulham,0.0,0,0,0,0,0.0,178,61,0,0,0.0,0.0,2020-11-02T17:30:00Z,0,18,0,0,0,0,7,0,13259,0,2,0.0,0,-813,367,1180,43,True,0
Josh Onomah,MID,Fulham,0.0,0,0,0,0,0.0,188,61,0,0,0.0,0.0,2020-11-02T17:30:00Z,0,18,0,0,0,0,7,0,4634,0,2,0.0,0,-1096,11,1107,48,True,0
Pablo Hernández Domínguez,MID,Leeds,0.8,0,0,7,0,9.2,193,62,2,0,1.8,3.8,2020-11-02T20:00:00Z,66,9,0,0,0,0,7,0,26629,4,1,5.0,2,-1391,957,2348,58,True,0
Bukayo Saka,MID,Arsenal,4.0,0,0,7,1,3.0,24,64,0,0,2.1,7.2,2020-11-01T16:30:00Z,90,13,0,0,0,0,7,0,208220,1,0,11.0,3,-16230,7667,23897,53,False,0
Mohamed Salah,MID,Liverpool,8.5,0,1,23,0,16.6,254,63,1,1,11.0,35.0,2020-10-31T17:30:00Z,89,19,0,0,0,0,7,0,3491118,1,2,58.0,8,-8171,75003,83174,124,True,0
Axel Tuanzebe,DEF,Man Utd,0.0,0,0,0,0,0.0,307,64,0,0,0.0,0.0,2020-11-01T16:30:00Z,0,1,0,0,0,0,7,0,9778,1,0,0.0,0,830,2566,1736,45,True,0
Conor Coady,DEF,Wolves,5.5,0,0,30,1,0.0,459,68,0,0,2.1,21.2,2020-10-30T20:00:00Z,90,6,0,0,0,0,7,0,647688,0,2,0.0,6,1170,22649,21479,50,True,0
Luke Freeman,MID,Sheffield Utd,0.0,0,0,0,0,0.0,477,66,0,0,0.0,0.0,2020-10-31T12:30:00Z,0,12,0,0,0,0,7,0,356,1,0,0.0,0,-19,32,51,50,True,0
Jack Cork,MID,Burnley,0.0,0,0,0,0,0.0,84,60,0,0,0.0,0.0,2020-10-31T15:00:00Z,0,5,0,0,0,0,7,0,1092,3,0,0.0,0,-23,26,49,50,True,0
Harry Winks,MID,Spurs,0.7,0,0,0,0,0.0,397,67,0,0,0.0,0.0,2020-11-01T19:15:00Z,0,3,0,0,0,0,7,0,9729,1,2,0.0,0,-745,137,882,54,True,0
Robin Olsen,GK,Everton,0.8,0,0,11,0,0.0,573,65,2,0,1.9,18.8,2020-11-01T14:00:00Z,90,14,0,0,0,0,7,2,2245,1,2,0.0,1,-4,212,216,45,False,0
Fabian Schär,DEF,Newcastle,0.8,0,0,5,0,0.3,334,65,1,0,1.6,13.8,2020-11-01T14:00:00Z,90,7,0,0,0,0,7,0,3032,1,2,2.0,2,220,401,181,49,True,0
Johann Berg Gudmundsson,MID,Burnley,0.6,0,0,0,0,0.0,90,60,0,0,0.0,0.0,2020-10-31T15:00:00Z,0,5,0,0,0,0,7,0,3026,3,0,0.0,0,-79,71,150,54,True,0
Manuel Lanzini,MID,West Ham,0.5,0,0,3,0,10.1,439,63,0,0,1.3,2.4,2020-10-31T17:30:00Z,2,11,0,0,0,0,7,0,7476,1,2,0.0,1,152,1419,1267,64,False,0
Tanguy Ndombele,MID,Spurs,4.0,0,0,0,0,5.0,405,67,1,0,1.1,0.2,2020-11-01T19:15:00Z,63,3,0,0,0,0,7,0,26761,1,2,6.0,1,1263,3669,2406,59,True,1
Florian Lejeune,DEF,Newcastle,0.0,0,0,0,0,0.0,327,65,0,0,0.0,0.0,2020-11-01T14:00:00Z,0,7,0,0,0,0,7,0,1121,1,2,0.0,0,-58,7,65,43,True,0
Willian Borges Da Silva,MID,Arsenal,1.8,0,0,10,1,4.1,478,64,0,0,0.8,0.0,2020-11-01T16:30:00Z,85,13,0,0,0,0,7,0,397965,1,0,4.0,3,-110167,2777,112944,78,False,0
Sergio Reguilón,DEF,Spurs,3.0,1,0,21,0,17.3,542,67,1,0,5.9,24.8,2020-11-01T19:15:00Z,90,3,0,0,0,0,7,0,292851,1,2,17.0,4,31709,55273,23564,56,True,1
Cameron Carter-Vickers,DEF,Spurs,0.0,0,0,0,0,0.0,521,67,0,0,0.0,0.0,2020-11-01T19:15:00Z,0,3,0,0,0,0,7,0,23154,1,2,0.0,0,-2151,149,2300,40,True,0
Alisson Ramses Becker,GK,Liverpool,2.0,0,0,12,0,0.0,252,63,1,0,1.8,18.0,2020-10-31T17:30:00Z,90,19,0,0,0,0,7,2,545158,1,2,0.0,2,322,19598,19276,59,True,0
Marcos Rojo,DEF,Man Utd,0.0,0,0,0,0,0.0,294,64,0,0,0.0,0.0,2020-11-01T16:30:00Z,0,1,0,0,0,0,7,0,4604,1,0,0.0,0,-179,79,258,49,True,0
Rekeem Harper,MID,West Brom,0.0,0,0,0,0,0.0,426,61,0,0,0.0,0.0,2020-11-02T17:30:00Z,0,8,0,0,0,0,7,0,38047,0,2,0.0,0,1473,4401,2928,44,False,0
Che Adams,FWD,Southampton,6.5,1,0,18,0,23.9,377,59,3,0,3.5,10.8,2020-11-01T12:00:00Z,90,2,0,0,0,0,7,0,162326,4,3,0.0,5,35225,46436,11211,58,False,0
Hal Robson-Kanu,FWD,West Brom,0.0,0,0,0,0,0.0,408,61,0,0,0.0,0.0,2020-11-02T17:30:00Z,0,8,0,0,0,0,7,0,8745,0,2,0.0,0,-1336,41,1377,53,False,0
Andi Zeqiri,FWD,Brighton,-0.5,0,0,0,0,0.0,574,67,0,0,0.0,0.0,2020-11-01T19:15:00Z,0,17,0,0,0,0,7,0,1788,1,2,0.0,0,-48,328,376,50,False,0
Kamil Miazek,GK,Leeds,0.0,0,0,0,0,0.0,208,62,0,0,0.0,0.0,2020-11-02T20:00:00Z,0,9,0,0,0,0,7,0,117836,4,1,0.0,0,-6267,125,6392,40,True,0
Jarrod Bowen,MID,West Ham,2.5,0,0,6,0,1.2,445,63,2,0,0.5,0.0,2020-10-31T17:30:00Z,88,11,0,0,0,0,7,0,157832,1,2,4.0,2,-1235,20221,21456,63,False,0
Carlos Vinicius Alves Morais,FWD,Spurs,0.5,0,0,0,0,0.0,564,67,0,0,0.0,0.0,2020-11-01T19:15:00Z,0,3,0,0,0,0,7,0,3032,1,2,0.0,0,-150,652,802,70,True,0
Cole Palmer,MID,Man City,1.0,0,0,0,0,0.0,552,66,0,0,0.0,0.0,2020-10-31T12:30:00Z,0,15,0,0,0,0,7,0,855,1,0,0.0,0,-9,82,91,45,False,0
Jack O'Connell,DEF,Sheffield Utd,0.0,0,0,0,0,0.0,354,66,0,0,0.0,0.0,2020-10-31T12:30:00Z,0,12,0,0,0,0,7,0,14950,1,0,0.0,0,-1783,149,1932,48,True,0
Pablo Marí,DEF,Arsenal,0.0,0,0,0,0,0.0,10,64,0,0,0.0,0.0,2020-11-01T16:30:00Z,0,13,0,0,0,0,7,0,608,1,0,0.0,0,-33,18,51,44,False,0
Matthew Longstaff,MID,Newcastle,-0.4,0,0,0,0,0.0,487,65,0,0,0.0,0.0,2020-11-01T14:00:00Z,0,7,0,0,0,0,7,0,1205,1,2,0.0,0,-50,13,63,49,True,0
Meritan Shabani,MID,Wolves,0.5,0,0,0,0,0.0,553,68,0,0,0.0,0.0,2020-10-30T20:00:00Z,0,6,0,0,0,0,7,0,2441,0,2,0.0,0,-62,206,268,45,True,0
Fikayo Tomori,DEF,Chelsea,0.5,0,0,0,0,0.0,121,60,0,0,0.0,0.0,2020-10-31T15:00:00Z,0,4,0,0,0,0,7,0,19598,3,0,0.0,0,-806,373,1179,48,False,0
Jordan Stevens,MID,Leeds,0.0,0,0,0,0,0.0,212,62,0,0,0.0,0.0,2020-11-02T20:00:00Z,0,9,0,0,0,0,7,0,49272,4,1,0.0,0,-3770,140,3910,44,True,0
Christian Benteke,FWD,Crystal Palace,0.2,0,0,3,0,0.3,132,68,0,0,0.2,0.0,2020-10-30T20:00:00Z,6,20,0,0,0,0,7,0,15270,0,2,2.0,1,-785,838,1623,55,False,0
Caoimhin Kelleher,GK,Liverpool,1.0,0,0,0,0,0.0,560,63,0,0,0.0,0.0,2020-10-31T17:30:00Z,0,19,0,0,0,0,7,0,758,1,2,0.0,0,-50,45,95,45,True,0
Marek Rodák,GK,Fulham,0.0,0,0,0,0,0.0,186,61,0,0,0.0,0.0,2020-11-02T17:30:00Z,0,18,0,0,0,0,7,0,28308,0,2,0.0,0,-836,707,1543,44,True,0
Kyle Walker,DEF,Man City,9.0,0,3,38,1,2.8,270,66,0,1,6.4,51.8,2020-10-31T12:30:00Z,90,15,0,0,0,0,7,0,479345,1,0,9.0,15,32207,52437,20230,60,False,0
Joe Hart,GK,Spurs,0.5,0,0,0,0,0.0,482,67,0,0,0.0,0.0,2020-11-01T19:15:00Z,0,3,0,0,0,0,7,0,53188,1,2,0.0,0,-1406,629,2035,44,True,0
Declan Rice,MID,West Ham,1.0,0,0,11,0,1.6,448,63,2,0,0.7,5.0,2020-10-31T17:30:00Z,90,11,0,0,0,0,7,0,203774,1,2,0.0,1,-8550,6168,14718,49,False,1
Emile Smith Rowe,MID,Arsenal,0.0,0,0,0,0,0.0,23,64,0,0,0.0,0.0,2020-11-01T16:30:00Z,0,13,0,0,0,0,7,0,18094,1,0,0.0,0,220,1679,1459,44,False,0
Filip Benkovic,DEF,Leicester,0.0,0,0,0,0,0.0,237,62,0,0,0.0,0.0,2020-11-02T20:00:00Z,0,10,0,0,0,0,7,0,2133,4,1,0.0,0,-137,10,147,43,False,0
Abdoulaye Doucouré,MID,Everton,1.8,0,0,13,0,3.6,512,65,2,0,5.5,16.2,2020-11-01T14:00:00Z,90,14,0,0,0,0,7,0,94028,1,2,35.0,1,-8040,2723,10763,54,False,1
Diego Llorente,DEF,Leeds,0.0,0,0,0,0,0.0,549,62,0,0,0.0,0.0,2020-11-02T20:00:00Z,0,9,0,0,0,0,7,0,1646,4,1,0.0,0,-310,36,346,44,True,0
Owen Otasowie,MID,Wolves,0.5,0,0,0,0,0.0,581,68,0,0,0.0,0.0,2020-10-30T20:00:00Z,0,6,0,0,0,0,7,0,509,0,2,0.0,0,101,194,93,45,True,0
Antonee Robinson,DEF,Fulham,3.0,0,1,25,1,18.2,484,61,0,0,3.5,16.6,2020-11-02T17:30:00Z,90,18,0,0,0,0,7,0,8368,0,2,0.0,7,331,925,594,44,True,0
Adam Forshaw,MID,Leeds,0.0,0,0,0,0,0.0,199,62,0,0,0.0,0.0,2020-11-02T20:00:00Z,0,9,0,0,0,0,7,0,649,4,1,0.0,0,-48,5,53,48,True,0
Jacob Murphy,MID,Newcastle,2.8,0,0,7,0,1.6,497,65,1,0,1.2,8.8,2020-11-01T14:00:00Z,90,7,0,0,0,0,7,0,4032,1,2,2.0,1,1242,1567,325,49,True,1
Joël Veltman,DEF,Brighton,0.5,0,0,12,0,1.1,67,67,2,0,1.3,11.6,2020-11-01T19:15:00Z,90,17,0,0,0,0,7,0,15224,1,2,0.0,1,484,1608,1124,43,False,0
Jayden Bogle,DEF,Sheffield Utd,-1.0,0,0,0,0,0.0,510,66,0,0,0.0,0.0,2020-10-31T12:30:00Z,0,12,0,0,0,0,7,0,5446,1,0,0.0,0,-280,77,357,44,True,0
Kenny Tete,DEF,Fulham,0.0,0,0,0,0,0.0,517,61,0,0,0.0,0.0,2020-11-02T17:30:00Z,0,18,0,0,0,0,7,0,6043,0,2,0.0,0,-793,61,854,44,True,0
Davy Pröpper,MID,Brighton,-0.1,0,0,0,0,0.0,59,67,0,0,0.0,0.0,2020-11-01T19:15:00Z,0,17,0,0,0,0,7,0,3043,1,2,0.0,0,-103,97,200,48,False,0
Thomas Partey,MID,Arsenal,1.7,0,0,21,1,4.1,567,64,0,0,3.8,24.4,2020-11-01T16:30:00Z,90,13,0,0,0,0,7,0,59166,1,0,9.0,3,6000,12911,6911,50,False,0
Pablo Fornals,MID,West Ham,5.5,0,3,27,0,2.8,450,63,2,1,9.3,38.4,2020-10-31T17:30:00Z,90,11,0,0,0,0,7,0,31520,1,2,52.0,10,481,4948,4467,64,False,0
Adam Webster,DEF,Brighton,0.8,0,0,12,0,2.8,66,67,2,0,4.0,15.8,2020-11-01T19:15:00Z,90,17,0,0,0,0,7,0,139948,1,2,21.0,1,-8627,826,9453,45,False,0
Shane Duffy,DEF,Brighton,0.0,0,0,0,0,0.0,58,67,0,0,0.0,0.0,2020-11-01T19:15:00Z,0,17,0,0,0,0,7,0,3531,1,2,0.0,0,-155,12,167,44,False,0
Jayson Molumby,MID,Brighton,-0.5,0,0,0,0,0.0,550,67,0,0,0.0,0.0,2020-11-01T19:15:00Z,0,17,0,0,0,0,7,0,971,1,2,0.0,0,-1,132,133,45,False,0
Mateo Kovacic,MID,Chelsea,0.5,0,0,0,0,0.0,107,60,0,0,0.0,0.0,2020-10-31T15:00:00Z,0,4,0,0,0,0,7,0,20884,3,0,0.0,0,-2134,480,2614,54,False,0
Takumi Minamino,MID,Liverpool,1.5,0,0,0,0,0.0,258,63,0,0,0.0,0.0,2020-10-31T17:30:00Z,0,19,0,0,0,0,7,0,10910,1,2,0.0,0,-633,232,865,61,True,0
Kevin Long,DEF,Burnley,2.2,0,0,12,0,0.3,85,60,3,0,1.8,16.0,2020-10-31T15:00:00Z,90,5,0,0,0,0,7,0,18056,3,0,2.0,0,380,1367,987,45,True,1
Sofiane Boufal,MID,Southampton,0.0,0,0,0,0,0.0,372,59,0,0,0.0,0.0,2020-11-01T12:00:00Z,0,2,0,0,0,0,7,0,2247,4,3,0.0,0,-223,7,230,54,False,0
Danny Rose,DEF,Spurs,0.0,0,0,0,0,0.0,384,67,0,0,0.0,0.0,2020-11-01T19:15:00Z,0,3,0,0,0,0,7,0,15564,1,2,0.0,0,-2481,7,2488,48,True,0
Isaac Hayden,MID,Newcastle,0.2,0,0,3,0,0.2,336,65,1,0,0.0,0.0,2020-11-01T14:00:00Z,7,7,0,0,0,0,7,0,4612,1,2,0.0,1,-181,217,398,48,True,0
Alex Nicolao Telles,DEF,Man Utd,0.0,0,0,0,0,0.0,568,64,0,0,0.0,0.0,2020-11-01T16:30:00Z,0,1,0,0,0,0,7,0,67127,1,0,0.0,0,-20025,11760,31785,55,True,0
Mateusz Klich,MID,Leeds,2.5,0,0,11,0,10.0,198,62,4,0,2.6,8.8,2020-11-02T20:00:00Z,90,9,0,0,0,0,7,0,510123,4,1,7.0,2,-1219,29676,30895,56,True,0
Mark Gillespie,GK,Newcastle,-0.5,0,0,0,0,0.0,488,65,0,0,0.0,0.0,2020-11-01T14:00:00Z,0,7,0,0,0,0,7,0,6550,1,2,0.0,0,-154,127,281,44,True,0
Jack Robinson,DEF,Sheffield Utd,0.5,0,0,0,0,0.0,352,66,0,0,0.0,0.0,2020-10-31T12:30:00Z,0,12,0,0,0,0,7,0,13238,1,0,0.0,0,-730,627,1357,44,True,0
Seamus Coleman,DEF,Everton,0.0,0,0,0,0,0.0,152,65,0,0,0.0,0.0,2020-11-01T14:00:00Z,0,14,0,0,0,0,7,0,80387,1,2,0.0,0,-36845,96,36941,50,False,0
Brandon Pierrick,MID,Crystal Palace,-0.5,0,0,0,0,0.0,147,68,0,0,0.0,0.0,2020-10-30T20:00:00Z,0,20,0,0,0,0,7,0,9252,0,2,0.0,0,284,1138,854,44,False,0
Oluwasemilogo Adesewo Ibidapo Ajayi,DEF,West Brom,1.0,0,0,14,0,1.0,419,61,2,0,2.2,21.4,2020-11-02T17:30:00Z,90,8,0,0,0,0,7,0,13512,0,2,0.0,1,-459,370,829,48,False,0
John Lundstram,MID,Sheffield Utd,0.5,0,0,6,0,10.8,355,66,0,0,1.8,1.6,2020-10-31T12:30:00Z,35,12,0,0,0,0,7,0,271093,1,0,6.0,1,-39498,959,40457,52,True,0
Mohamed Naser El Sayed Elneny,MID,Arsenal,1.2,0,0,11,1,5.5,526,64,0,0,1.3,6.2,2020-11-01T16:30:00Z,90,13,0,0,0,0,7,0,108585,1,0,1.0,3,-80,11131,11211,44,False,0
Nampalys Mendy,MID,Leicester,2.7,0,0,14,0,2.1,518,62,1,0,0.7,5.2,2020-11-02T20:00:00Z,90,10,0,0,0,0,7,0,230367,4,1,0.0,2,365,15585,15220,45,False,0
John Fleck,MID,Sheffield Utd,0.0,0,0,0,0,0.0,346,66,0,0,0.0,0.0,2020-10-31T12:30:00Z,0,12,0,0,0,0,7,0,10781,1,0,0.0,0,-2206,30,2236,57,True,0
Charlie Austin,FWD,West Brom,0.0,0,0,0,0,0.0,415,61,0,0,0.0,0.0,2020-11-02T17:30:00Z,0,8,0,0,0,0,7,0,17983,0,2,0.0,0,-1738,505,2243,52,False,0
Erik Pieters,DEF,Burnley,0.0,0,0,0,0,0.0,83,60,0,0,0.0,0.0,2020-10-31T15:00:00Z,0,5,0,0,0,0,7,0,37749,3,0,0.0,0,-7591,117,7708,44,True,0
Reiss Nelson,MID,Arsenal,0.0,0,0,0,0,0.0,21,64,0,0,0.0,0.0,2020-11-01T16:30:00Z,0,13,0,0,0,0,7,0,3683,1,0,0.0,0,-71,119,190,52,False,0
Ashley Barnes,FWD,Burnley,1.5,0,0,-3,0,13.9,87,60,3,0,2.0,0.0,2020-10-31T15:00:00Z,72,5,0,0,0,0,7,0,8922,3,0,7.0,2,-39,1005,1044,60,True,0
Wilfred Ndidi,MID,Leicester,0.0,0,0,0,0,0.0,236,62,0,0,0.0,0.0,2020-11-02T20:00:00Z,0,10,0,0,0,0,7,0,47801,4,1,0.0,0,-3706,120,3826,48,False,0
Martin Dubravka,GK,Newcastle,0.0,0,0,0,0,0.0,326,65,0,0,0.0,0.0,2020-11-01T14:00:00Z,0,7,0,0,0,0,7,0,14493,1,2,0.0,0,-652,48,700,49,True,0
Nélson Cabral Semedo,DEF,Wolves,6.0,0,2,34,1,24.4,546,68,0,0,6.0,29.2,2020-10-30T20:00:00Z,90,6,0,0,0,0,7,0,178782,0,2,6.0,8,16239,28955,12716,55,True,0
Serge Aurier,DEF,Spurs,3.7,0,0,0,0,0.0,389,67,0,0,0.0,0.0,2020-11-01T19:15:00Z,0,3,0,0,0,0,7,0,183797,1,2,0.0,0,-11516,11603,23119,52,True,0
Ashley Westwood,MID,Burnley,1.5,0,0,14,0,3.0,89,60,3,0,1.1,8.4,2020-10-31T15:00:00Z,90,5,0,0,0,0,7,0,38822,3,0,0.0,2,-2444,891,3335,54,True,0
Ben White,DEF,Brighton,1.2,0,0,12,0,1.3,74,67,2,0,1.7,15.6,2020-11-01T19:15:00Z,90,17,0,0,0,0,7,0,97883,1,2,0.0,1,-3975,1837,5812,45,False,0
Bernard Anício Caldeira Duarte,MID,Everton,0.8,0,0,6,0,13.8,154,65,1,0,2.1,7.6,2020-11-01T14:00:00Z,30,14,0,0,0,0,7,0,8380,1,2,0.0,1,-296,296,592,58,False,0
George Baldock,DEF,Sheffield Utd,1.2,0,0,10,0,8.1,351,66,1,0,2.6,14.0,2020-10-31T12:30:00Z,90,12,0,0,0,0,7,0,157961,1,0,4.0,2,-16725,1063,17788,53,True,0
Terence Kongolo,DEF,Fulham,0.0,0,0,0,0,0.0,585,61,0,0,0.0,0.0,2020-11-02T17:30:00Z,0,18,0,0,0,0,7,0,79,0,2,0.0,0,17,41,24,45,True,0
Bernardo Fernandes da Silva Junior,DEF,Brighton,-0.2,0,0,3,0,1.1,75,67,1,0,0.7,4.2,2020-11-01T19:15:00Z,25,17,0,0,0,0,7,0,604138,1,2,2.0,1,-21501,8272,29773,40,False,0
Rúben Diogo da Silva Neves,MID,Wolves,2.7,0,0,19,1,44.4,466,68,0,0,8.3,19.8,2020-10-30T20:00:00Z,90,6,0,0,0,0,7,0,117251,0,2,19.0,3,-6456,2163,8619,53,True,0
Mathew Ryan,GK,Brighton,0.5,0,0,0,0,0.0,70,67,0,0,0.0,0.0,2020-11-01T19:15:00Z,0,17,0,0,0,0,7,0,1091946,1,2,0.0,0,-49697,6086,55783,45,False,0
Ben Mee,DEF,Burnley,0.0,0,0,0,0,0.0,88,60,0,0,0.0,0.0,2020-10-31T15:00:00Z,0,5,0,0,0,0,7,0,10720,3,0,0.0,0,-676,95,771,49,True,0
Yan Valery,DEF,Southampton,0.0,0,0,0,0,0.0,378,59,0,0,0.0,0.0,2020-11-01T12:00:00Z,0,2,0,0,0,0,7,0,4905,4,3,0.0,0,-187,87,274,48,False,0
Gareth Bale,MID,Spurs,3.0,0,3,26,0,20.8,543,67,0,1,7.8,34.2,2020-11-01T19:15:00Z,20,3,0,0,0,0,7,0,72628,1,2,23.0,9,-19829,7822,27651,95,True,0
Oleksandr Zinchenko,DEF,Man City,1.3,0,0,0,0,0.0,283,66,0,0,0.0,0.0,2020-10-31T12:30:00Z,0,15,0,0,0,0,7,0,17235,1,0,0.0,0,326,884,558,55,False,0
Ross Barkley,MID,Aston Villa,5.5,0,0,12,0,64.8,106,59,4,0,9.0,10.2,2020-11-01T12:00:00Z,90,16,0,0,0,0,7,0,332401,4,3,15.0,2,32225,65641,33416,60,True,0
Paul Pogba,MID,Man Utd,1.5,0,0,3,0,15.0,296,64,1,0,2.1,0.2,2020-11-01T16:30:00Z,90,1,0,0,0,0,7,0,99359,1,0,6.0,2,-4025,5431,9456,78,True,0
Harry Wilson,MID,Liverpool,0.0,0,0,0,0,0.0,257,63,0,0,0.0,0.0,2020-10-31T17:30:00Z,0,19,0,0,0,0,7,0,2543,1,2,0.0,0,-268,10,278,52,True,0
Vladimir Coufal,DEF,West Ham,3.2,0,0,5,0,1.5,558,63,2,0,0.9,7.8,2020-10-31T17:30:00Z,90,11,0,0,0,0,7,0,33627,1,2,0.0,1,19215,21103,1888,45,False,0
Nathan Tella,MID,Southampton,0.2,0,0,0,0,0.0,524,59,0,0,0.0,0.0,2020-11-01T12:00:00Z,0,2,0,0,0,0,7,0,31521,4,3,0.0,0,5883,8205,2322,44,False,0
Jason Steele,GK,Brighton,-0.5,0,0,0,0,0.0,528,67,0,0,0.0,0.0,2020-11-01T19:15:00Z,0,17,0,0,0,0,7,0,57281,1,2,0.0,0,1140,2720,1580,40,False,0
Jorge Luiz Frello Filho,MID,Chelsea,3.5,0,0,2,0,0.1,105,60,0,0,0.0,0.0,2020-10-31T15:00:00Z,4,4,0,0,0,0,7,0,1036955,3,0,0.0,1,102550,152049,49499,53,False,0
Fabian Delph,MID,Everton,1.5,0,0,14,0,14.8,149,65,2,0,2.8,12.4,2020-11-01T14:00:00Z,90,14,0,0,0,0,7,0,3665,1,2,1.0,2,-28,205,233,49,False,0
Albian Ajeti,FWD,West Ham,0.0,0,0,0,0,0.0,447,63,0,0,0.0,0.0,2020-10-31T17:30:00Z,0,11,0,0,0,0,7,0,548,1,2,0.0,0,-25,44,69,55,False,0
Bjorn Engels,DEF,Aston Villa,0.0,0,0,0,0,0.0,36,59,0,0,0.0,0.0,2020-11-01T12:00:00Z,0,16,0,0,0,0,7,0,5672,4,3,0.0,0,-125,87,212,44,True,0
Maxime Le Marchand,DEF,Fulham,0.2,0,0,0,0,0.0,173,61,0,0,0.0,0.0,2020-11-02T17:30:00Z,0,18,0,0,0,0,7,0,6846,0,2,0.0,0,-310,257,567,43,True,0
Emil Krafth,DEF,Newcastle,0.2,0,0,0,0,0.0,333,65,0,0,0.0,0.0,2020-11-01T14:00:00Z,0,7,0,0,0,0,7,0,5202,1,2,0.0,0,-144,165,309,44,True,0
Bruno André Cavaco Jordao,MID,Wolves,0.0,0,0,0,0,0.0,475,68,0,0,0.0,0.0,2020-10-30T20:00:00Z,0,6,0,0,0,0,7,0,22285,0,2,0.0,0,-1089,1013,2102,44,True,0
Henri Lansbury,MID,Aston Villa,0.0,0,0,0,0,0.0,30,59,0,0,0.0,0.0,2020-11-01T12:00:00Z,0,16,0,0,0,0,7,0,12177,4,3,0.0,0,-1593,85,1678,44,True,0
Mahmoud Ahmed Ibrahim Hassan,MID,Aston Villa,3.0,0,0,0,0,1.6,40,59,3,0,8.1,10.8,2020-11-01T12:00:00Z,61,16,0,0,0,0,7,0,72519,4,3,69.0,2,-5100,2997,8097,54,True,0
Ruben Loftus-Cheek,MID,Fulham,1.2,0,0,0,0,0.0,115,61,0,0,0.0,0.0,2020-11-02T17:30:00Z,0,18,0,0,0,0,7,0,14204,0,2,0.0,0,18,1238,1220,59,True,0
Dean Henderson,GK,Man Utd,0.0,0,0,0,0,0.0,305,64,0,0,0.0,0.0,2020-11-01T16:30:00Z,0,1,0,0,0,0,7,0,124680,1,0,0.0,0,-6192,165,6357,53,True,0
Mario Lemina,MID,Fulham,1.0,0,0,6,0,11.3,493,61,0,0,2.5,13.2,2020-11-02T17:30:00Z,45,18,0,0,0,0,7,0,34666,0,2,0.0,1,-1732,583,2315,45,True,0
Heung-Min Son,MID,Spurs,11.5,0,0,9,0,12.6,390,67,1,0,2.1,3.6,2020-11-01T19:15:00Z,84,3,0,0,0,0,7,0,4291822,1,2,5.0,2,373225,384869,11644,95,True,0
Jan Bednarek,DEF,Southampton,3.5,0,0,6,0,0.0,376,59,0,0,1.0,10.4,2020-11-01T12:00:00Z,45,2,0,0,0,0,7,0,159172,4,3,0.0,1,4761,8790,4029,45,False,0
Danny Ings,FWD,Southampton,6.2,0,0,33,0,11.0,366,59,1,1,7.7,48.4,2020-11-01T12:00:00Z,84,2,0,0,0,0,7,0,1388488,4,3,18.0,6,62784,105584,42800,85,False,0
Leif Davis,DEF,Leeds,-0.5,0,0,0,0,0.0,214,62,0,0,0.0,0.0,2020-11-02T20:00:00Z,0,9,0,0,0,0,7,0,100063,4,1,0.0,0,-790,5508,6298,40,True,0
Barry Douglas,DEF,Leeds,0.0,0,0,0,0,0.0,196,62,0,0,0.0,0.0,2020-11-02T20:00:00Z,0,9,0,0,0,0,7,0,482619,4,1,0.0,0,-51743,6990,58733,39,True,0
Phil Bardsley,DEF,Burnley,0.0,0,0,0,0,0.0,82,60,0,0,0.0,0.0,2020-10-31T15:00:00Z,0,5,0,0,0,0,7,0,23035,3,0,0.0,0,-4357,52,4409,45,True,0
Willy Caballero,GK,Chelsea,0.5,0,0,0,0,0.0,101,60,0,0,0.0,0.0,2020-10-31T15:00:00Z,0,4,0,0,0,0,7,0,18627,3,0,0.0,0,-967,233,1200,48,False,0
Eric Garcia,DEF,Man City,1.7,0,0,0,0,0.0,288,66,0,0,0.0,0.0,2020-10-31T12:30:00Z,0,15,0,0,0,0,7,0,16792,1,0,0.0,0,719,1624,905,48,False,0
Tyrone Mings,DEF,Aston Villa,3.5,0,0,25,0,0.8,41,59,4,1,10.1,46.0,2020-11-01T12:00:00Z,90,16,0,0,0,0,7,0,749568,4,3,54.0,6,9373,62436,53063,52,True,0
Bobby Decordova-Reid,FWD,Fulham,2.5,0,2,28,1,2.3,181,61,0,1,8.9,32.8,2020-11-02T17:30:00Z,84,18,0,0,0,0,7,0,8561,0,2,54.0,7,-1157,490,1647,54,True,1
Thiago Thiago,DEF,Chelsea,4.8,0,0,30,1,1.0,490,60,0,0,4.9,31.4,2020-10-31T15:00:00Z,90,4,0,0,0,0,7,0,188042,3,0,17.0,6,32516,38138,5622,55,False,0
Ben Gibson,DEF,Burnley,0.0,0,0,0,0,0.0,94,60,0,0,0.0,0.0,2020-10-31T15:00:00Z,0,5,0,0,0,0,7,0,12110,3,0,0.0,0,-357,428,785,40,True,0
Mamadou Sakho,DEF,Crystal Palace,-0.2,0,0,0,0,0.0,127,68,0,0,0.0,0.0,2020-10-30T20:00:00Z,0,20,0,0,0,0,7,0,21718,0,2,0.0,0,-1005,1419,2424,45,False,0
Alfie Mawson,DEF,Fulham,0.0,0,0,0,0,0.0,185,61,0,0,0.0,0.0,2020-11-02T17:30:00Z,0,18,0,0,0,0,7,0,749,0,2,0.0,0,-39,14,53,44,True,0
Sean Longstaff,MID,Newcastle,0.5,0,0,9,0,35.5,480,65,1,0,7.1,14.2,2020-11-01T14:00:00Z,90,7,0,0,0,0,7,0,5792,1,2,21.0,2,-253,144,397,48,True,0
Francisco Casilla Cortés,GK,Leeds,-0.5,0,0,0,0,0.0,194,62,0,0,0.0,0.0,2020-11-02T20:00:00Z,0,9,0,0,0,0,7,0,86599,4,1,0.0,0,-2836,1421,4257,43,True,0
Michy Batshuayi,FWD,Crystal Palace,3.5,0,0,3,0,1.8,108,68,2,0,4.2,0.6,2020-10-30T20:00:00Z,83,20,0,0,0,0,7,0,61388,0,2,40.0,2,891,6569,5678,58,False,0
Alex Iwobi,MID,Everton,2.5,1,0,13,0,13.8,159,65,1,0,1.6,2.2,2020-11-01T14:00:00Z,14,14,0,0,0,0,7,0,12488,1,2,0.0,4,-314,899,1213,59,False,0
David Button,GK,West Brom,0.0,0,0,0,0,0.0,56,61,0,0,0.0,0.0,2020-11-02T17:30:00Z,0,8,0,0,0,0,7,0,346959,0,2,0.0,0,14,6628,6614,40,False,0
Denis Odoi,DEF,Fulham,0.0,0,0,0,0,0.0,525,61,0,0,0.0,0.0,2020-11-02T17:30:00Z,0,18,0,0,0,0,7,0,5175,0,2,0.0,0,-361,176,537,44,True,0
Ademola Lookman,MID,Fulham,3.8,0,0,6,1,25.1,557,61,0,0,7.7,10.2,2020-11-02T17:30:00Z,89,18,0,0,0,0,7,0,38279,0,2,42.0,2,12126,15643,3517,50,True,1
Raphael Dias Belloli,MID,Leeds,0.2,0,0,0,0,0.0,570,62,0,0,0.0,0.0,2020-11-02T20:00:00Z,0,9,0,0,0,0,7,0,3339,4,1,0.0,0,-149,563,712,55,True,0
Allan Marques Loureiro,MID,Everton,1.8,0,0,13,0,24.3,502,65,2,0,5.0,25.4,2020-11-01T14:00:00Z,90,14,0,0,0,0,7,0,79838,1,2,0.0,1,-2193,2792,4985,54,False,1
Angus Gunn,GK,Southampton,0.0,0,0,0,0,0.0,371,59,0,0,0.0,0.0,2020-11-01T12:00:00Z,0,2,0,0,0,0,7,0,13499,4,3,0.0,0,-1243,19,1262,44,False,0
Christian Atsu,MID,Newcastle,0.0,0,0,0,0,0.0,330,65,0,0,0.0,0.0,2020-11-01T14:00:00Z,0,7,0,0,0,0,7,0,3203,1,2,0.0,0,-534,6,540,53,True,0
Matteo Guendouzi,MID,Arsenal,0.0,0,0,0,0,0.0,25,64,0,0,0.0,0.0,2020-11-01T16:30:00Z,0,13,0,0,0,0,7,0,5978,1,0,0.0,0,-576,22,598,47,False,0
Erik Lamela,MID,Spurs,1.3,0,0,4,0,4.2,387,67,1,0,0.5,0.0,2020-11-01T19:15:00Z,69,3,0,0,0,0,7,0,12716,1,2,4.0,2,-631,707,1338,59,True,0
Allan Saint-Maximin,MID,Newcastle,2.2,0,0,1,1,2.1,338,65,0,0,3.5,7.8,2020-11-01T14:00:00Z,73,7,0,0,0,0,7,0,527223,1,2,25.0,3,3611,37771,34160,53,True,0
Timothy Castagne,DEF,Leicester,0.0,0,0,0,0,0.0,498,62,0,0,0.0,0.0,2020-11-02T20:00:00Z,0,10,0,0,0,0,7,0,1260260,4,1,0.0,0,-244091,90284,334375,58,False,0
Gedson Carvalho Fernandes,MID,Spurs,0.5,0,0,0,0,0.0,401,67,0,0,0.0,0.0,2020-11-01T19:15:00Z,0,3,0,0,0,0,7,0,5661,1,2,0.0,0,-207,152,359,48,True,0
Lucas Rodrigues Moura da Silva,MID,Spurs,1.3,0,0,0,0,0.0,392,67,0,0,0.0,0.0,2020-11-01T19:15:00Z,0,3,0,0,0,0,7,0,115265,1,2,0.0,0,-8062,3496,11558,69,True,0
Sam Woods,DEF,Crystal Palace,-0.5,0,0,0,0,0.0,522,68,0,0,0.0,0.0,2020-10-30T20:00:00Z,0,20,0,0,0,0,7,0,53545,0,2,0.0,0,1798,5177,3379,40,False,0
Miguel Almirón,MID,Newcastle,1.2,0,0,11,1,12.5,339,65,0,0,2.0,7.0,2020-11-01T14:00:00Z,82,7,0,0,0,0,7,0,32525,1,2,0.0,3,-2779,420,3199,57,True,0
David Martin,GK,West Ham,-1.0,0,0,0,0,0.0,429,63,0,0,0.0,0.0,2020-10-31T17:30:00Z,0,11,0,0,0,0,7,0,548870,1,2,0.0,0,2788,12963,10175,40,False,0
Harry Kane,FWD,Spurs,11.3,0,0,18,0,3.1,388,67,1,1,6.7,35.4,2020-11-01T19:15:00Z,90,3,0,0,0,0,7,0,3137021,1,2,28.0,6,252287,270201,17914,109,True,0
Daniel Amartey,DEF,Leicester,0.0,0,0,0,0,0.0,227,62,0,0,0.0,0.0,2020-11-02T20:00:00Z,0,10,0,0,0,0,7,0,76932,4,1,0.0,0,-6910,342,7252,40,False,0
John McGinn,MID,Aston Villa,4.8,0,0,5,0,12.7,38,59,4,0,2.4,7.4,2020-11-01T12:00:00Z,90,16,0,0,0,0,7,0,203486,4,3,4.0,2,13944,34058,20114,55,True,0
Teden Mengi,DEF,Man Utd,0.0,0,0,0,0,0.0,319,64,0,0,0.0,0.0,2020-11-01T16:30:00Z,0,1,0,0,0,0,7,0,46483,1,0,0.0,0,-1557,762,2319,40,True,0
Paul Dummett,DEF,Newcastle,-0.4,0,0,0,0,0.0,331,65,0,0,0.0,0.0,2020-11-01T14:00:00Z,0,7,0,0,0,0,7,0,1053,1,2,0.0,0,-42,11,53,44,True,0
Benjamin Mendy,DEF,Man City,0.0,0,0,0,0,0.0,274,66,0,0,0.0,0.0,2020-10-31T12:30:00Z,0,15,0,0,0,0,7,0,86926,1,0,0.0,0,-11869,179,12048,59,False,0
Edinson Cavani,FWD,Man Utd,0.7,0,0,2,0,0.5,569,64,0,0,0.0,0.0,2020-11-01T16:30:00Z,15,1,0,0,0,0,7,0,50645,1,0,0.0,1,12008,18871,6863,80,True,0
Cheikhou Kouyaté,MID,Crystal Palace,1.5,0,0,17,0,0.9,133,68,2,0,1.5,13.8,2020-10-30T20:00:00Z,90,20,0,0,0,0,7,0,50274,0,2,0.0,2,-2703,3711,6414,50,False,0
Juan Foyth,DEF,Spurs,0.0,0,0,0,0,0.0,406,67,0,0,0.0,0.0,2020-11-01T19:15:00Z,0,3,0,0,0,0,7,0,5820,1,2,0.0,0,-540,15,555,43,True,0
Mason Mount,MID,Chelsea,3.5,1,0,33,1,42.0,120,60,0,0,10.4,39.6,2020-10-31T15:00:00Z,90,4,0,0,0,0,7,0,359236,3,0,22.0,6,-51008,7462,58470,68,False,0
Chris Smalling,DEF,Man Utd,0.0,0,0,0,0,0.0,292,64,0,0,0.0,0.0,2020-11-01T16:30:00Z,0,1,0,0,0,0,7,0,7817,1,0,0.0,0,-553,15,568,49,True,0
Ederson Santana de Moraes,GK,Man City,6.0,0,0,23,1,0.0,278,66,0,0,0.9,8.8,2020-10-31T12:30:00Z,90,15,0,0,0,0,7,1,436301,1,0,0.0,6,-9003,11971,20974,60,False,0
James McArthur,MID,Crystal Palace,-0.2,0,0,0,0,0.0,130,68,0,0,0.0,0.0,2020-10-30T20:00:00Z,0,20,0,0,0,0,7,0,10522,0,2,0.0,0,-1021,132,1153,54,False,0
Leandro Trossard,MID,Brighton,1.8,0,0,8,0,15.7,69,67,2,0,4.5,3.0,2020-11-01T19:15:00Z,73,17,0,0,0,0,7,0,147073,1,2,26.0,2,-28176,4842,33018,60,False,0
Diogo Jota,MID,Liverpool,6.0,0,2,24,0,0.8,468,63,0,1,5.6,36.4,2020-10-31T17:30:00Z,20,19,0,0,0,0,7,0,172945,1,2,19.0,8,46910,56527,9617,63,True,0
Ben Johnson,DEF,West Ham,-1.0,0,0,0,0,0.0,452,63,0,0,0.0,0.0,2020-10-31T17:30:00Z,0,11,0,0,0,0,7,0,156287,1,2,0.0,0,-4437,4631,9068,40,False,0
Ben Osborn,MID,Sheffield Utd,0.2,0,0,1,0,1.0,356,66,1,0,0.4,3.2,2020-10-31T12:30:00Z,54,12,0,0,0,0,7,0,2292,1,0,0.0,1,-39,115,154,49,True,0
Florin Andone,FWD,Brighton,0.0,0,0,0,0,0.0,64,67,0,0,0.0,0.0,2020-11-01T19:15:00Z,0,17,0,0,0,0,7,0,6814,1,2,0.0,0,-451,170,621,48,False,0
Christian Walton,GK,Brighton,-0.4,0,0,0,0,0.0,503,67,0,0,0.0,0.0,2020-11-01T19:15:00Z,0,17,0,0,0,0,7,0,89041,1,2,0.0,0,-488,1878,2366,40,False,0
Cedric Kipre,DEF,West Brom,0.0,0,0,0,0,0.0,499,61,0,0,0.0,0.0,2020-11-02T17:30:00Z,0,8,0,0,0,0,7,0,3699,0,2,0.0,0,-149,46,195,44,False,0
Rodrigo Hernandez,MID,Man City,3.3,0,0,13,1,4.1,286,66,0,0,2.8,15.0,2020-10-31T12:30:00Z,90,15,0,0,0,0,7,0,34789,1,0,9.0,3,-1186,1811,2997,54,False,0
Robert Snodgrass,MID,West Ham,-0.8,0,0,0,0,0.0,428,63,0,0,0.0,0.0,2020-10-31T17:30:00Z,0,11,0,0,0,0,7,0,5900,1,2,0.0,0,-343,79,422,58,False,0
Andreas Christensen,DEF,Chelsea,0.8,0,0,0,0,0.0,116,60,0,0,0.0,0.0,2020-10-31T15:00:00Z,0,4,0,0,0,0,7,0,20026,3,0,0.0,0,-998,499,1497,49,False,0
Steven Bergwijn,MID,Spurs,1.3,0,0,0,0,0.0,400,67,0,0,0.0,0.0,2020-11-01T19:15:00Z,0,3,0,0,0,0,7,0,28520,1,2,0.0,0,-1508,511,2019,71,True,0
Tariq Lamptey,DEF,Brighton,3.5,0,2,24,0,2.6,77,67,2,1,6.0,38.2,2020-11-01T19:15:00Z,78,17,0,0,0,0,7,0,817558,1,2,19.0,9,-12305,29803,42108,47,False,0
Robin Koch,DEF,Leeds,2.8,0,0,8,0,1.4,491,62,4,0,1.6,8.8,2020-11-02T20:00:00Z,90,9,0,0,0,0,7,0,65455,4,1,6.0,0,15985,18372,2387,45,True,0
Fabio Silva,FWD,Wolves,0.7,0,0,3,0,0.3,504,68,0,0,0.2,0.0,2020-10-30T20:00:00Z,1,6,0,0,0,0,7,0,43143,0,2,2.0,1,-4674,839,5513,53,True,0
Marcus Bettinelli,GK,Fulham,0.0,0,0,0,0,0.0,183,61,0,0,0.0,0.0,2020-11-02T17:30:00Z,0,18,0,0,0,0,7,0,2874,0,2,0.0,0,-141,43,184,44,True,0
Fernando Marçal,DEF,Wolves,1.0,0,0,0,0,0.0,505,68,0,0,0.0,0.0,2020-10-30T20:00:00Z,0,6,0,0,0,0,7,0,12813,0,2,0.0,0,-937,520,1457,49,True,0
César Azpilicueta,DEF,Chelsea,2.8,0,0,0,0,0.0,102,60,0,0,0.0,0.0,2020-10-31T15:00:00Z,0,4,0,0,0,0,7,0,313895,3,0,0.0,0,9884,19880,9996,59,False,0
Joachim Andersen,DEF,Fulham,1.0,0,0,22,1,0.6,571,61,0,0,1.6,14.6,2020-11-02T17:30:00Z,90,18,0,0,0,0,7,0,183,0,2,1.0,6,-8,36,44,45,True,0
Matt Targett,DEF,Aston Villa,2.0,0,0,13,0,47.8,42,59,4,0,7.2,18.0,2020-11-01T12:00:00Z,90,16,0,0,0,0,7,0,134893,4,3,6.0,0,8960,16120,7160,45,True,0
James Trafford,GK,Man City,2.0,0,0,0,0,0.0,595,66,0,0,0.0,0.0,2020-10-31T12:30:00Z,0,15,0,0,0,0,7,0,0,1,0,0.0,0,0,0,0,40,False,0
Chris Wood,FWD,Burnley,1.5,0,0,1,0,0.8,91,60,3,0,0.1,0.2,2020-10-31T15:00:00Z,90,5,0,0,0,0,7,0,85826,3,0,0.0,2,-13733,2116,15849,63,True,0
Nick Pope,GK,Burnley,4.8,0,0,18,0,0.0,96,60,3,0,3.9,38.8,2020-10-31T15:00:00Z,90,5,0,0,0,0,7,6,824104,3,0,0.0,3,-38329,4048,42377,54,True,0
Daniel Castelo Podence,MID,Wolves,4.7,0,0,29,1,15.0,469,68,0,1,9.8,39.2,2020-10-30T20:00:00Z,75,6,0,0,0,0,7,0,264381,0,2,44.0,8,-26857,14464,41321,55,True,0
Joseph Gomez,DEF,Liverpool,2.2,0,0,15,0,2.4,260,63,1,0,1.9,16.2,2020-10-31T17:30:00Z,90,19,0,0,0,0,7,0,215325,1,2,0.0,2,10785,21426,10641,54,True,0
Lucas Torreira,MID,Arsenal,0.0,0,0,0,0,0.0,19,64,0,0,0.0,0.0,2020-11-01T16:30:00Z,0,13,0,0,0,0,7,0,8217,1,0,0.0,0,-827,15,842,47,False,0
Matt Macey,GK,Arsenal,0.0,0,0,0,0,0.0,527,64,0,0,0.0,0.0,2020-11-01T16:30:00Z,0,13,0,0,0,0,7,0,94004,1,0,0.0,0,4586,7656,3070,40,False,0
Matt Phillips,MID,West Brom,0.5,0,0,8,0,24.5,411,61,0,0,3.5,8.0,2020-11-02T17:30:00Z,20,8,0,0,0,0,7,0,3650,0,2,2.0,1,-221,127,348,52,False,0
Scott Dann,DEF,Crystal Palace,0.5,0,0,13,0,0.8,486,68,2,0,5.1,16.6,2020-10-30T20:00:00Z,90,20,0,0,0,0,7,0,50171,0,2,34.0,1,-1027,1208,2235,44,False,0
Ainsley Maitland-Niles,DEF,Arsenal,0.5,0,0,2,0,0.0,15,64,0,0,0.0,0.0,2020-11-01T16:30:00Z,4,13,0,0,0,0,7,0,88655,1,0,0.0,1,-9895,946,10841,48,False,0
Kieran Gibbs,DEF,West Brom,0.0,0,0,0,0,0.0,407,61,0,0,0.0,0.0,2020-11-02T17:30:00Z,0,8,0,0,0,0,7,0,19342,0,2,0.0,0,-990,393,1383,44,False,0
Xherdan Shaqiri,MID,Liverpool,2.0,1,0,17,0,15.7,247,63,0,0,3.5,19.6,2020-10-31T17:30:00Z,20,19,0,0,0,0,7,0,3912,1,2,0.0,4,-32,187,219,64,True,0
Stuart Dallas,DEF,Leeds,4.2,0,0,21,0,5.4,200,62,3,1,5.3,39.0,2020-11-02T20:00:00Z,80,9,0,0,0,0,7,0,432496,4,1,9.0,6,20364,31896,11532,45,True,1
Alexis Mac Allister,MID,Brighton,3.2,0,0,3,0,1.3,80,67,0,0,0.2,1.0,2020-11-01T19:15:00Z,11,17,0,0,0,0,7,0,3878,1,2,0.0,1,-234,194,428,53,False,0
Sead Kolasinac,DEF,Arsenal,0.0,0,0,0,0,0.0,14,64,0,0,0.0,0.0,2020-11-01T16:30:00Z,0,13,0,0,0,0,7,0,13977,1,0,0.0,0,-862,235,1097,48,False,0
Arthur Masuaku,DEF,West Ham,1.2,0,0,9,0,14.8,442,63,2,0,2.9,12.4,2020-10-31T17:30:00Z,87,11,0,0,0,0,7,0,95686,1,2,2.0,1,5264,11339,6075,45,False,0
Connor Wickham,FWD,Crystal Palace,0.0,0,0,0,0,0.0,136,68,0,0,0.0,0.0,2020-10-30T20:00:00Z,0,20,0,0,0,0,7,0,51943,0,2,0.0,0,-2467,2514,4981,45,False,0
DeAndre Yedlin,DEF,Newcastle,-0.5,0,0,0,0,0.0,335,65,0,0,0.0,0.0,2020-11-01T14:00:00Z,0,7,0,0,0,0,7,0,17059,1,2,0.0,0,-817,203,1020,43,True,0
Glenn Murray,FWD,Brighton,0.0,0,0,0,0,0.0,53,67,0,0,0.0,0.0,2020-11-01T19:15:00Z,0,17,0,0,0,0,7,0,8310,1,2,0.0,0,-513,116,629,49,False,0
Vicente Guaita,GK,Crystal Palace,0.8,0,0,15,0,0.0,128,68,2,0,2.4,23.6,2020-10-30T20:00:00Z,90,20,0,0,0,0,7,3,318627,0,2,0.0,2,-28525,3669,32194,50,False,0
Luke Shaw,DEF,Man Utd,1.2,0,0,18,0,35.6,300,64,1,0,5.3,17.8,2020-11-01T16:30:00Z,90,1,0,0,0,0,7,0,74981,1,0,0.0,2,-161,4326,4487,49,True,0
Danny Ward,GK,Leicester,0.5,0,0,0,0,0.0,223,62,0,0,0.0,0.0,2020-11-02T20:00:00Z,0,10,0,0,0,0,7,0,14657,4,1,0.0,0,-265,237,502,44,False,0
Michael Verrips,GK,Sheffield Utd,-1.0,0,0,0,0,0.0,580,66,0,0,0.0,0.0,2020-10-31T12:30:00Z,0,12,0,0,0,0,7,0,14736,1,0,0.0,0,4578,5310,732,40,True,0
Alex Oxlade-Chamberlain,MID,Liverpool,0.0,0,0,0,0,0.0,248,63,0,0,0.0,0.0,2020-10-31T17:30:00Z,0,19,0,0,0,0,7,0,1808,1,2,0.0,0,-57,40,97,64,True,0
Fraser Forster,GK,Southampton,0.0,0,0,0,0,0.0,523,59,0,0,0.0,0.0,2020-11-01T12:00:00Z,0,2,0,0,0,0,7,0,239762,4,3,0.0,0,8070,13465,5395,40,False,0
Moussa Sissoko,MID,Spurs,2.7,0,0,8,0,2.2,385,67,1,0,0.7,5.2,2020-11-01T19:15:00Z,90,3,0,0,0,0,7,0,31907,1,2,0.0,2,292,2650,2358,48,True,0
Kurt Zouma,DEF,Chelsea,8.5,0,2,37,1,0.3,110,60,0,1,6.1,43.6,2020-10-31T15:00:00Z,90,4,0,0,0,0,7,0,544259,3,0,17.0,14,226234,238536,12302,51,False,0
Mason Holgate,DEF,Everton,0.0,0,0,0,0,0.0,165,65,0,0,0.0,0.0,2020-11-01T14:00:00Z,0,14,0,0,0,0,7,0,3057,1,2,0.0,0,-158,32,190,48,False,0
Stephen Henderson,GK,Crystal Palace,-0.5,0,0,0,0,0.0,578,68,0,0,0.0,0.0,2020-10-30T20:00:00Z,0,20,0,0,0,0,7,0,15285,0,2,0.0,0,4325,5197,872,40,False,0
Mbwana Samatta,FWD,Aston Villa,0.0,0,0,0,0,0.0,49,59,0,0,0.0,0.0,2020-11-01T12:00:00Z,0,16,0,0,0,0,7,0,3256,4,3,0.0,0,-171,19,190,59,True,0
Ben Davies,DEF,Spurs,3.3,0,0,5,0,0.0,395,67,0,0,0.2,2.2,2020-11-01T19:15:00Z,5,3,0,0,0,0,7,0,91329,1,2,0.0,1,3995,10894,6899,48,True,0
Daniel James,MID,Man Utd,0.5,0,0,0,0,0.0,311,64,0,0,0.0,0.0,2020-11-01T16:30:00Z,0,1,0,0,0,0,7,0,18727,1,0,0.0,0,-731,375,1106,63,True,0
Charlie Taylor,DEF,Burnley,2.2,0,0,12,0,0.8,97,60,3,0,1.1,8.6,2020-10-31T15:00:00Z,90,5,0,0,0,0,7,0,252110,3,0,2.0,1,-14306,3008,17314,45,True,0
Marc Albrighton,MID,Leicester,1.3,0,0,7,0,22.9,221,62,1,0,4.4,19.0,2020-11-02T20:00:00Z,90,10,0,0,0,0,7,0,9414,4,1,2.0,2,-502,118,620,53,False,0
Cyrus Christie,DEF,Fulham,0.0,0,0,0,0,0.0,179,61,0,0,0.0,0.0,2020-11-02T17:30:00Z,0,18,0,0,0,0,7,0,3355,0,2,0.0,0,-330,43,373,43,True,0
Lys Mousset,FWD,Sheffield Utd,0.0,0,0,0,0,0.0,359,66,0,0,0.0,0.0,2020-10-31T12:30:00Z,0,12,0,0,0,0,7,0,5845,1,0,0.0,0,-206,239,445,58,True,0
David de Gea,GK,Man Utd,2.5,0,0,9,0,0.0,291,64,1,0,0.6,5.8,2020-11-01T16:30:00Z,90,1,0,0,0,0,7,1,281089,1,0,0.0,2,-1008,7541,8549,54,True,0
Willy Boly,DEF,Wolves,6.0,0,0,24,1,0.3,458,68,0,0,1.7,10.6,2020-10-30T20:00:00Z,90,6,0,0,0,0,7,0,191602,0,2,6.0,6,8602,17362,8760,55,True,0
Conor Gallagher,MID,West Brom,1.5,0,0,2,0,15.3,544,61,2,0,3.7,22.0,2020-11-02T17:30:00Z,90,8,0,0,0,0,7,0,1103,0,2,0.0,1,93,181,88,55,False,1
Dwight McNeil,MID,Burnley,1.8,0,0,11,0,2.3,100,60,3,0,1.1,8.8,2020-10-31T15:00:00Z,90,5,0,0,0,0,7,0,36800,3,0,0.0,2,-3195,493,3688,59,True,0
Kalvin Phillips,MID,Leeds,0.0,0,0,0,0,0.0,204,62,0,0,0.0,0.0,2020-11-02T20:00:00Z,0,9,0,0,0,0,7,0,123015,4,1,0.0,0,-40271,204,40475,50,True,0
Matthew Clarke,DEF,Brighton,0.0,0,0,0,0,0.0,73,67,0,0,0.0,0.0,2020-11-01T19:15:00Z,0,17,0,0,0,0,7,0,423,1,2,0.0,0,-1,20,21,44,False,0
Tom Cairney,MID,Fulham,4.0,0,0,15,1,16.3,175,61,0,0,5.4,11.8,2020-11-02T17:30:00Z,90,18,0,0,0,0,7,0,11567,0,2,26.0,3,1665,2331,666,53,True,0
Grady Diangana,MID,West Brom,2.2,0,0,5,0,2.7,446,61,2,0,3.5,10.4,2020-11-02T17:30:00Z,90,8,0,0,0,0,7,0,39147,0,2,22.0,2,-3967,1297,5264,55,False,0
Pascal Groß,MID,Brighton,2.2,1,1,22,0,41.1,57,67,2,0,7.1,29.8,2020-11-01T19:15:00Z,90,17,0,0,0,0,7,0,6521,1,2,0.0,6,-389,88,477,58,False,0
Pedro Lomba Neto,MID,Wolves,5.5,1,1,32,1,61.5,474,68,0,0,11.1,43.6,2020-10-30T20:00:00Z,75,6,0,0,0,0,7,0,114385,0,2,6.0,7,6747,19036,12289,55,True,0
Thiago Alcántara do Nascimento,MID,Liverpool,1.1,0,0,0,0,0.0,531,63,0,0,0.0,0.0,2020-10-31T17:30:00Z,0,19,0,0,0,0,7,0,121441,1,2,0.0,0,-15059,4888,19947,60,True,0
Tommy Doyle,MID,Man City,1.0,0,0,0,0,0.0,285,66,0,0,0.0,0.0,2020-10-31T12:30:00Z,0,15,0,0,0,0,7,0,7222,1,0,0.0,0,346,824,478,44,False,0
João Pedro Cavaco Cancelo,DEF,Man City,8.0,0,2,29,1,55.7,277,66,0,0,9.3,31.0,2020-10-31T12:30:00Z,90,15,0,0,0,0,7,0,84710,1,0,6.0,8,33459,36825,3366,54,False,0
Max Thompson,FWD,Burnley,0.6,0,0,0,0,0.0,591,60,0,0,0.0,0.0,2020-10-31T15:00:00Z,0,5,0,0,0,0,7,0,0,3,0,0.0,0,0,0,0,45,True,0
Kepa Arrizabalaga,GK,Chelsea,0.6,0,0,0,0,0.0,112,60,0,0,0.0,0.0,2020-10-31T15:00:00Z,0,4,0,0,0,0,7,0,62711,3,0,0.0,0,-14371,86,14457,48,False,0
Jack Wilshere,MID,West Ham,0.0,0,0,0,0,0.0,434,63,0,0,0.0,0.0,2020-10-31T17:30:00Z,0,11,0,0,0,0,7,0,4915,1,2,0.0,0,-475,19,494,49,False,0
Chris Basham,DEF,Sheffield Utd,1.0,0,0,13,0,3.8,345,66,1,0,2.1,13.4,2020-10-31T12:30:00Z,90,12,0,0,0,0,7,0,80889,1,0,4.0,2,-5762,996,6758,49,True,0
Michael Obafemi,FWD,Southampton,0.0,0,0,0,0,0.0,381,59,0,0,0.0,0.0,2020-11-01T12:00:00Z,0,2,0,0,0,0,7,0,89478,4,3,0.0,0,-8466,1538,10004,48,False,0
Dominic Calvert-Lewin,FWD,Everton,5.5,0,2,32,0,35.2,164,65,2,1,17.6,46.4,2020-11-01T14:00:00Z,90,14,0,0,0,0,7,0,4154663,1,2,94.0,8,15941,125234,109293,77,False,0
Adama Traoré,MID,Wolves,1.5,0,0,2,0,0.0,465,68,0,0,2.4,3.0,2020-10-30T20:00:00Z,14,6,0,0,0,0,7,0,665159,0,2,21.0,1,-91919,8945,100864,63,True,0
Callum Hudson-Odoi,MID,Chelsea,0.8,0,0,3,0,10.9,122,60,0,0,1.8,3.0,2020-10-31T15:00:00Z,17,4,0,0,0,0,7,0,23142,3,0,4.0,1,-2735,834,3569,58,False,0
Rúben Gonçalo Silva Nascimento Vinagre,DEF,Wolves,0.0,0,0,0,0,0.0,471,68,0,0,0.0,0.0,2020-10-30T20:00:00Z,0,6,0,0,0,0,7,0,119873,0,2,0.0,0,-28924,65,28989,42,True,0
Aaron Ramsdale,GK,Sheffield Utd,1.8,0,0,24,0,0.0,483,66,1,0,4.4,44.0,2020-10-31T12:30:00Z,90,12,0,0,0,0,7,7,244340,1,0,0.0,4,-24585,1547,26132,49,True,0
Ricardo Domingos Barbosa Pereira,DEF,Leicester,0.0,0,0,0,0,0.0,226,62,0,0,0.0,0.0,2020-11-02T20:00:00Z,0,10,0,0,0,0,7,0,5809,4,1,0.0,0,-307,165,472,59,False,0
Joe Rodon,DEF,Spurs,1.0,0,0,0,0,0.0,584,67,0,0,0.0,0.0,2020-11-01T19:15:00Z,0,3,0,0,0,0,7,0,549,1,2,0.0,0,138,207,69,50,True,0
Jack Stephens,DEF,Southampton,0.0,0,0,10,0,0.1,367,59,3,0,1.2,11.6,2020-11-01T12:00:00Z,45,2,0,0,0,0,7,0,16722,4,3,0.0,0,-1415,254,1669,48,False,0
Tom Davies,MID,Everton,0.5,0,0,0,0,0.0,163,65,0,0,0.0,0.0,2020-11-01T14:00:00Z,0,14,0,0,0,0,7,0,7501,1,2,0.0,0,-368,158,526,53,False,0
Matthew Cash,DEF,Aston Villa,1.8,0,0,5,0,0.8,496,59,4,0,0.3,1.8,2020-11-01T12:00:00Z,66,16,0,0,0,0,7,0,54073,4,3,0.0,-1,1297,4921,3624,50,True,1
David McGoldrick,FWD,Sheffield Utd,2.0,0,0,2,0,1.3,344,66,0,0,0.2,0.2,2020-10-31T12:30:00Z,9,12,0,0,0,0,7,0,49783,1,0,0.0,1,-912,6702,7614,53,True,0
Kasper Schmeichel,GK,Leicester,5.0,0,0,14,0,0.0,217,62,1,0,2.3,22.8,2020-11-02T20:00:00Z,90,10,0,0,0,0,7,3,876740,4,1,0.0,3,-3382,19439,22821,55,False,0
Hamza Choudhury,MID,Leicester,1.0,0,0,0,0,0.0,234,62,0,0,0.0,0.0,2020-11-02T20:00:00Z,0,10,0,0,0,0,7,0,4722,4,1,0.0,0,4,292,288,48,False,0
Simon Moore,GK,Sheffield Utd,0.0,0,0,0,0,0.0,348,66,0,0,0.0,0.0,2020-10-31T12:30:00Z,0,12,0,0,0,0,7,0,11790,1,0,0.0,0,-1191,98,1289,44,True,0
Tahith Chong,MID,Man Utd,0.0,0,0,0,0,0.0,316,64,0,0,0.0,0.0,2020-11-01T16:30:00Z,0,1,0,0,0,0,7,0,1026,1,0,0.0,0,-122,16,138,45,True,0
Jordan Pickford,GK,Everton,2.2,0,0,0,0,0.0,157,65,0,0,0.0,0.0,2020-11-01T14:00:00Z,0,14,0,0,0,0,7,0,595560,1,2,0.0,0,-27043,8780,35823,50,False,0
Emerson Palmieri dos Santos,DEF,Chelsea,0.5,0,0,0,0,0.0,111,60,0,0,0.0,0.0,2020-10-31T15:00:00Z,0,4,0,0,0,0,7,0,10886,3,0,0.0,0,-493,227,720,48,False,0
Luke Thomas,DEF,Leicester,0.7,0,0,12,0,0.7,240,62,1,0,3.5,23.2,2020-11-02T20:00:00Z,90,10,0,0,0,0,7,0,15163,4,1,11.0,1,-671,469,1140,43,False,1
Federico Fernández,DEF,Newcastle,1.2,0,1,19,0,10.4,323,65,1,0,4.4,33.6,2020-11-01T14:00:00Z,90,7,0,0,0,0,7,0,72134,1,2,0.0,3,-3843,1212,5055,49,True,0
Robert Sánchez,GK,Brighton,1.4,0,0,12,0,0.0,597,67,2,0,1.9,19.0,2020-11-01T19:15:00Z,90,17,0,0,0,0,7,2,0,1,2,0.0,1,0,0,0,45,False,0
Marvelous Nakamba,MID,Aston Villa,0.0,0,0,0,0,0.0,44,59,0,0,0.0,0.0,2020-11-01T12:00:00Z,0,16,0,0,0,0,7,0,28613,4,3,0.0,0,-903,1220,2123,44,True,0
James Tarkowski,DEF,Burnley,2.5,0,0,9,0,0.1,81,60,3,0,2.2,18.6,2020-10-31T15:00:00Z,90,5,0,0,0,0,7,0,191346,3,0,3.0,1,-6542,2440,8982,54,True,0
Yoshinori Muto,FWD,Newcastle,0.0,0,0,0,0,0.0,341,65,0,0,0.0,0.0,2020-11-01T14:00:00Z,0,7,0,0,0,0,7,0,9216,1,2,0.0,0,-612,140,752,48,True,0
Matheus Pereira,MID,West Brom,2.0,0,0,1,0,0.8,481,61,2,0,1.2,1.4,2020-11-02T17:30:00Z,55,8,0,0,0,0,7,0,189643,0,2,10.0,1,-20615,7807,28422,60,False,0
Oliver Skipp,MID,Spurs,0.0,0,0,0,0,0.0,404,67,0,0,0.0,0.0,2020-11-01T19:15:00Z,0,3,0,0,0,0,7,0,1902,1,2,0.0,0,-90,21,111,45,True,0
Rhys Williams,DEF,Liverpool,2.1,0,0,0,0,0.0,594,63,0,0,0.0,0.0,2020-10-31T17:30:00Z,0,19,0,0,0,0,7,0,0,1,2,0.0,0,0,0,0,40,True,0
Daniel N'Lundulu,FWD,Southampton,0.5,0,0,0,0,0.0,590,59,0,0,0.0,0.0,2020-11-01T12:00:00Z,0,2,0,0,0,0,7,0,3338,4,3,0.0,0,2506,3037,531,45,False,0
Aleksandar Mitrović,FWD,Fulham,3.0,2,0,24,1,26.3,184,61,0,0,7.4,41.8,2020-11-02T17:30:00Z,90,18,0,0,0,0,7,0,639346,0,2,6.0,8,-129173,17346,146519,58,True,0
Nathaniel Clyne,DEF,Crystal Palace,1.8,0,0,17,0,16.8,577,68,2,0,4.9,14.2,2020-10-30T20:00:00Z,90,20,0,0,0,0,7,0,7783,0,2,18.0,1,4902,5595,693,45,False,0
Anthony Martial,FWD,Man Utd,0.0,0,0,0,0,0.0,303,64,0,0,0.0,0.0,2020-11-01T16:30:00Z,0,1,0,0,0,0,7,0,268070,1,0,0.0,0,-25060,527,25587,88,True,0
Lewis Dunk,DEF,Brighton,0.0,0,0,0,0,0.0,62,67,0,0,0.0,0.0,2020-11-01T19:15:00Z,0,17,0,0,0,0,7,0,246312,1,2,0.0,0,-59148,100,59248,48,False,0
Ahmed El Mohamady,DEF,Aston Villa,0.5,0,0,4,0,4.8,29,59,0,0,1.1,4.0,2020-11-01T12:00:00Z,23,16,0,0,0,0,7,0,24502,4,3,2.0,1,-1212,517,1729,44,True,0
Ryan Bennett,DEF,Wolves,0.0,0,0,0,0,0.0,456,68,0,0,0.0,0.0,2020-10-30T20:00:00Z,0,6,0,0,0,0,7,0,13924,0,2,0.0,0,-2211,29,2240,44,True,0
Saïd Benrahma,MID,West Ham,-0.5,0,0,3,0,0.0,587,63,0,0,0.2,2.2,2020-10-31T17:30:00Z,1,11,0,0,0,0,7,0,11000,1,2,0.0,1,2175,3948,1773,60,False,0
Jean-Philippe Gbamin,MID,Everton,0.0,0,0,0,0,0.0,161,65,0,0,0.0,0.0,2020-11-01T14:00:00Z,0,14,0,0,0,0,7,0,158,1,2,0.0,0,-10,10,20,50,False,0
Jed Steer,GK,Aston Villa,0.0,0,0,0,0,0.0,32,59,0,0,0.0,0.0,2020-11-01T12:00:00Z,0,16,0,0,0,0,7,0,409979,4,3,0.0,0,1702,10454,8752,40,True,0
Ezri Konsa Ngoyo,DEF,Aston Villa,2.0,0,0,9,0,0.4,46,59,4,0,0.7,4.4,2020-11-01T12:00:00Z,90,16,0,0,0,0,7,0,612943,4,3,2.0,0,35865,62518,26653,47,True,0
Wes Foderingham,GK,Sheffield Utd,-1.0,0,0,0,0,0.0,350,66,0,0,0.0,0.0,2020-10-31T12:30:00Z,0,12,0,0,0,0,7,0,8965,1,0,0.0,0,-182,161,343,44,True,0
Emiliano Martínez,GK,Aston Villa,3.8,0,0,6,0,0.0,12,59,4,0,0.4,4.4,2020-11-01T12:00:00Z,90,16,0,0,0,0,7,0,1988850,4,3,0.0,0,94491,125956,31465,48,True,0
Marcos Alonso,DEF,Chelsea,0.5,0,0,0,0,0.0,104,60,0,0,0.0,0.0,2020-10-31T15:00:00Z,0,4,0,0,0,0,7,0,142062,3,0,0.0,0,-11913,1580,13493,58,False,0
James Maddison,MID,Leicester,2.3,1,0,12,0,18.3,231,62,0,0,2.5,4.4,2020-11-02T20:00:00Z,27,10,0,0,0,0,7,0,173122,4,1,2.0,4,-1894,16541,18435,70,False,0
Adrien Silva,MID,Leicester,0.0,0,0,0,0,0.0,220,62,0,0,0.0,0.0,2020-11-02T20:00:00Z,0,10,0,0,0,0,7,0,25443,4,1,0.0,0,-2787,57,2844,44,False,0
Aaron Mooy,MID,Brighton,0.0,0,0,0,0,0.0,60,67,0,0,0.0,0.0,2020-11-01T19:15:00Z,0,17,0,0,0,0,7,0,976,1,2,0.0,0,-39,11,50,50,False,0
Jay Rodriguez,FWD,Burnley,0.5,0,0,5,0,11.1,86,60,2,0,2.6,4.4,2020-10-31T15:00:00Z,45,5,0,0,0,0,7,0,20584,3,0,10.0,1,-1054,369,1423,59,True,0
John Ruddy,GK,Wolves,0.5,0,0,0,0,0.0,453,68,0,0,0.0,0.0,2020-10-30T20:00:00Z,0,6,0,0,0,0,7,0,21151,0,2,0.0,0,-476,254,730,44,True,0
Jimmy Dunne,DEF,Burnley,-0.5,0,0,0,0,0.0,519,60,0,0,0.0,0.0,2020-10-31T15:00:00Z,0,5,0,0,0,0,7,0,555626,3,0,0.0,0,-34875,9003,43878,41,True,0
Jay-Roy Grot,MID,Leeds,0.0,0,0,0,0,0.0,207,62,0,0,0.0,0.0,2020-11-02T20:00:00Z,0,9,0,0,0,0,7,0,1971,4,1,0.0,0,-282,8,290,48,True,0
Demarai Gray,MID,Leicester,0.5,0,0,0,0,0.0,230,62,0,0,0.0,0.0,2020-11-02T20:00:00Z,0,10,0,0,0,0,7,0,6361,4,1,0.0,0,-282,111,393,53,False,0
Gabriel Magalhães,DEF,Arsenal,3.2,0,2,34,1,0.2,494,64,0,0,2.7,26.6,2020-11-01T16:30:00Z,90,13,0,0,0,0,7,0,840298,1,0,0.0,7,-42750,13936,56686,51,False,1
James Milner,MID,Liverpool,1.8,0,0,2,0,0.0,241,63,0,0,0.0,0.0,2020-10-31T17:30:00Z,1,19,0,0,0,0,7,0,9783,1,2,0.0,1,-347,292,639,53,True,0
Enda Stevens,DEF,Sheffield Utd,0.2,0,0,19,0,1.8,347,66,1,0,2.0,16.4,2020-10-31T12:30:00Z,90,12,0,0,0,0,7,0,159365,1,0,2.0,2,-18807,522,19329,53,True,0
Fabio Henrique Tavares,MID,Liverpool,0.0,0,0,0,0,0.0,253,63,0,0,0.0,0.0,2020-10-31T17:30:00Z,0,19,0,0,0,0,7,0,96669,1,2,0.0,0,-15582,5467,21049,55,True,0
Nathan Redmond,MID,Southampton,1.5,0,0,0,0,0.0,365,59,0,0,0.0,0.0,2020-11-01T12:00:00Z,0,2,0,0,0,0,7,0,16928,4,3,0.0,0,642,1574,932,64,False,0
André-Frank Zambo Anguissa,MID,Fulham,2.0,0,0,7,1,4.3,191,61,0,0,6.1,19.2,2020-11-02T17:30:00Z,90,18,0,0,0,0,7,0,159345,0,2,37.0,3,-8998,3148,12146,45,True,0
Joelinton Cássio Apolinário de Lira,FWD,Newcastle,0.5,0,0,0,0,0.0,340,65,0,0,0.0,0.0,2020-11-01T14:00:00Z,0,7,0,0,0,0,7,0,15624,1,2,0.0,0,-1077,295,1372,58,True,0
Dan Burn,DEF,Brighton,0.8,0,0,4,0,2.5,61,67,2,0,0.8,1.4,2020-11-01T19:15:00Z,90,17,0,0,0,0,7,0,31601,1,2,4.0,0,-1079,650,1729,44,False,1
Conor Townsend,DEF,West Brom,3.2,0,0,16,0,7.8,418,61,2,0,3.2,20.4,2020-11-02T17:30:00Z,90,8,0,0,0,0,7,0,10107,0,2,4.0,1,1718,2403,685,45,False,0
Ian Carlo Poveda-Ocampo,MID,Leeds,0.2,0,0,2,0,2.1,209,62,2,0,1.2,3.8,2020-11-02T20:00:00Z,45,9,0,0,0,0,7,0,34251,4,1,6.0,1,-1138,2693,3831,44,True,0
Mason Greenwood,MID,Man Utd,1.0,0,0,1,0,2.7,315,64,1,0,2.5,1.4,2020-11-01T16:30:00Z,74,1,0,0,0,0,7,0,226694,1,0,21.0,1,-23931,6333,30264,72,True,1
Aaron Wan-Bissaka,DEF,Man Utd,3.8,0,0,8,0,3.3,313,64,1,0,1.1,3.8,2020-11-01T16:30:00Z,90,1,0,0,0,0,7,0,650958,1,0,4.0,2,32323,47820,15497,54,True,0
Ellis Simms,FWD,Everton,1.6,0,0,0,0,0.0,596,65,0,0,0.0,0.0,2020-11-01T14:00:00Z,0,14,0,0,0,0,7,0,0,1,2,0.0,0,0,0,0,45,False,0
Kyle Bartley,DEF,West Brom,0.2,0,0,0,0,0.0,412,61,0,0,0.0,0.0,2020-11-02T17:30:00Z,0,8,0,0,0,0,7,0,13229,0,2,0.0,0,-1509,269,1778,45,False,0
Andriy Yarmolenko,MID,West Ham,-0.2,0,0,1,0,1.3,436,63,1,0,0.1,0.0,2020-10-31T17:30:00Z,16,11,0,0,0,0,7,0,7017,1,2,0.0,1,-433,235,668,57,False,0
Harry Maguire,DEF,Man Utd,3.8,0,0,13,0,11.8,298,64,1,0,5.3,10.2,2020-11-01T16:30:00Z,90,1,0,0,0,0,7,0,224646,1,0,31.0,1,16904,23411,6507,54,True,1
Jake Vokins,DEF,Southampton,0.0,0,0,0,0,0.0,380,59,0,0,0.0,0.0,2020-11-01T12:00:00Z,0,2,0,0,0,0,7,0,94134,4,3,0.0,0,-2309,1677,3986,40,False,0
Ilkay Gündogan,MID,Man City,2.3,0,0,3,0,0.8,271,66,0,0,0.1,0.2,2020-10-31T12:30:00Z,5,15,0,0,0,0,7,0,20454,1,0,0.0,1,1955,3314,1359,54,False,0
Eric Bailly,DEF,Man Utd,0.0,0,0,0,0,0.0,310,64,0,0,0.0,0.0,2020-11-01T16:30:00Z,0,1,0,0,0,0,7,0,15175,1,0,0.0,0,-2486,45,2531,49,True,0
Patrick Bamford,FWD,Leeds,6.5,0,0,-5,0,2.2,202,62,4,0,7.9,14.0,2020-11-02T20:00:00Z,90,9,0,0,0,0,7,0,2324156,4,1,63.0,2,496839,520755,23916,59,True,0
Karlan Grant,FWD,West Brom,4.3,0,0,2,0,1.6,582,61,2,0,2.7,4.6,2020-11-02T17:30:00Z,90,8,0,0,0,0,7,0,4228,0,2,21.0,2,2776,3205,429,60,False,0
Lukasz Fabianski,GK,West Ham,3.2,0,0,17,0,0.0,431,63,2,0,3.1,31.0,2020-10-31T17:30:00Z,90,11,0,0,0,0,7,4,113829,1,2,0.0,2,2359,6632,4273,50,False,0
Callum Robinson,FWD,West Brom,1.8,0,0,1,0,0.5,358,61,0,0,3.7,0.0,2020-11-02T17:30:00Z,34,8,0,0,0,0,7,0,57067,0,2,38.0,1,-2568,7723,10291,55,False,0
Ørjan Nyland,GK,Aston Villa,0.0,0,0,0,0,0.0,35,59,0,0,0.0,0.0,2020-11-01T12:00:00Z,0,16,0,0,0,0,7,0,702079,4,3,0.0,0,-41998,381,42379,40,True,0
Ki-Jana Hoever,DEF,Wolves,0.7,0,0,0,0,0.0,545,68,0,0,0.0,0.0,2020-10-30T20:00:00Z,0,6,0,0,0,0,7,0,2811,0,2,0.0,0,-52,226,278,45,True,0
Billy Gilmour,MID,Chelsea,0.0,0,0,0,0,0.0,124,60,0,0,0.0,0.0,2020-10-31T15:00:00Z,0,4,0,0,0,0,7,0,7406,3,0,0.0,0,-241,299,540,44,False,0
Mesut Özil,MID,Arsenal,0.0,0,0,0,0,0.0,1,64,0,0,0.0,0.0,2020-11-01T16:30:00Z,0,13,0,0,0,0,7,0,48026,1,0,0.0,0,-3147,57,3204,68,False,0
Ezgjan Alioski,DEF,Leeds,2.2,0,0,7,0,10.5,201,62,1,0,2.3,2.0,2020-11-02T20:00:00Z,9,9,0,0,0,0,7,0,34846,4,1,10.0,1,4064,5539,1475,44,True,0
Eberechi Eze,MID,Crystal Palace,0.2,0,0,2,0,1.6,489,68,0,0,0.7,3.2,2020-10-30T20:00:00Z,25,20,0,0,0,0,7,0,24633,0,2,2.0,1,-2654,607,3261,58,False,0
Alex McCarthy,GK,Southampton,4.8,0,0,24,0,0.0,363,59,3,0,5.4,54.0,2020-11-01T12:00:00Z,90,2,0,0,0,0,7,7,1405724,4,3,0.0,3,25121,49839,24718,45,False,0
Oliver McBurnie,FWD,Sheffield Utd,1.5,0,0,7,0,2.1,357,66,1,0,1.0,5.4,2020-10-31T12:30:00Z,90,12,0,0,0,0,7,0,21028,1,0,2.0,2,-727,1164,1891,57,True,0
Timothy Fosu-Mensah,DEF,Man Utd,0.0,0,0,0,0,0.0,312,64,0,0,0.0,0.0,2020-11-01T16:30:00Z,0,1,0,0,0,0,7,0,7739,1,0,0.0,0,-304,230,534,44,True,0
Sergio Agüero,FWD,Man City,0.0,0,0,0,0,0.0,268,66,0,0,0.0,0.0,2020-10-31T12:30:00Z,0,15,0,0,0,0,7,0,107315,1,0,0.0,0,-104570,4479,109049,103,False,0
Filip Krovinovic,MID,West Brom,2.0,0,0,18,0,1.8,555,61,2,0,2.1,11.2,2020-11-02T17:30:00Z,69,8,0,0,0,0,7,0,788,0,2,8.0,2,141,231,90,50,False,0
Christian Pulisic,MID,Chelsea,2.2,0,0,0,0,0.0,119,60,0,0,0.0,0.0,2020-10-31T15:00:00Z,0,4,0,0,0,0,7,0,312128,3,0,0.0,0,24487,47391,22904,83,False,0
André Filipe Tavares Gomes,MID,Everton,1.2,0,0,2,0,12.5,158,65,1,0,0.8,0.0,2020-11-01T14:00:00Z,59,14,0,0,0,0,7,0,23587,1,2,0.0,1,-1111,1029,2140,55,False,0
Wayne Hennessey,GK,Crystal Palace,0.0,0,0,0,0,0.0,126,68,0,0,0.0,0.0,2020-10-30T20:00:00Z,0,20,0,0,0,0,7,0,37290,0,2,0.0,0,-3300,82,3382,44,False,0
João Filipe Iria Santos Moutinho,MID,Wolves,1.7,0,0,3,0,0.7,454,68,0,0,0.3,1.8,2020-10-30T20:00:00Z,14,6,0,0,0,0,7,0,117887,0,2,0.0,1,-12702,1046,13748,53,True,0
Hugo Lloris,GK,Spurs,4.0,0,0,10,0,0.0,383,67,1,0,1.1,10.6,2020-11-01T19:15:00Z,90,3,0,0,0,0,7,1,419798,1,2,0.0,2,870,15972,15102,55,True,0
Anthony Knockaert,MID,Fulham,0.0,0,0,0,0,0.0,177,61,0,0,0.0,0.0,2020-11-02T17:30:00Z,0,18,0,0,0,0,7,0,3638,0,2,0.0,0,-631,13,644,51,True,0
Kevin McDonald,MID,Fulham,0.0,0,0,0,0,0.0,172,61,0,0,0.0,0.0,2020-11-02T17:30:00Z,0,18,0,0,0,0,7,0,2424,0,2,0.0,0,-421,8,429,48,True,0
Ciaran Clark,DEF,Newcastle,-0.4,0,0,0,0,0.0,324,65,0,0,0.0,0.0,2020-11-01T14:00:00Z,0,7,0,0,0,0,7,0,2704,1,2,0.0,0,-136,15,151,45,True,0
Benjamin Chilwell,DEF,Chelsea,5.5,0,0,25,1,8.9,232,60,0,0,2.9,12.2,2020-10-31T15:00:00Z,90,4,0,0,0,0,7,0,1575600,3,0,8.0,6,511343,529253,17910,58,False,0
Karlo Ziger,GK,Chelsea,1.5,0,0,0,0,0.0,593,60,0,0,0.0,0.0,2020-10-31T15:00:00Z,0,4,0,0,0,0,7,0,0,3,0,0.0,0,0,0,0,40,False,0
Leander Dendoncker,MID,Wolves,4.0,0,0,8,1,12.7,464,68,0,0,3.6,8.6,2020-10-30T20:00:00Z,90,6,0,0,0,0,7,0,83166,0,2,15.0,3,-3642,3442,7084,49,True,0
Rúben Santos Gato Alves Dias,DEF,Man City,5.3,0,0,27,1,0.6,556,66,0,0,1.6,15.2,2020-10-31T12:30:00Z,90,15,0,0,0,0,7,0,119212,1,0,0.0,6,21735,29272,7537,55,False,0
Wesley Fofana,DEF,Leicester,2.7,0,0,14,0,0.3,561,62,1,0,2.3,21.0,2020-11-02T20:00:00Z,90,10,0,0,0,0,7,0,6704,4,1,2.0,2,3443,3813,370,50,False,0
Alireza Jahanbakhsh,MID,Brighton,0.0,0,0,0,0,0.0,71,67,0,0,0.0,0.0,2020-11-01T19:15:00Z,0,17,0,0,0,0,7,0,2749,1,2,0.0,0,-208,21,229,54,False,0
Josh Brownhill,MID,Burnley,1.5,0,0,16,0,14.4,98,60,3,0,2.4,9.8,2020-10-31T15:00:00Z,90,5,0,0,0,0,7,0,3309,3,0,0.0,2,-108,164,272,50,True,0
Matty James,MID,Leicester,0.0,0,0,0,0,0.0,222,62,0,0,0.0,0.0,2020-11-02T20:00:00Z,0,10,0,0,0,0,7,0,23943,4,1,0.0,0,-3367,129,3496,44,False,0
Ahmed El-Sayed Hegazy,DEF,West Brom,0.0,0,0,0,0,0.0,414,61,0,0,0.0,0.0,2020-11-02T17:30:00Z,0,8,0,0,0,0,7,0,25623,0,2,0.0,0,-9833,1028,10861,43,False,0
Jordan Ayew,FWD,Crystal Palace,-0.2,0,0,2,0,0.9,140,68,0,0,0.4,1.0,2020-10-30T20:00:00Z,18,20,0,0,0,0,7,0,136449,0,2,2.0,1,-29754,1196,30950,57,False,0
Bobby Thomas,DEF,Burnley,-0.5,0,0,0,0,0.0,520,60,0,0,0.0,0.0,2020-10-31T15:00:00Z,0,5,0,0,0,0,7,0,43481,3,0,0.0,0,-156,1816,1972,40,True,0
Romaine Sawyers,MID,West Brom,0.8,0,0,-1,0,10.8,413,61,0,0,1.5,4.4,2020-11-02T17:30:00Z,34,8,0,0,0,0,7,0,2808,0,2,0.0,0,-204,47,251,49,False,1
José Izquierdo,MID,Brighton,-0.1,0,0,0,0,0.0,72,67,0,0,0.0,0.0,2020-11-01T19:15:00Z,0,17,0,0,0,0,7,0,165,1,2,0.0,0,0,16,16,55,False,0
Harvey Barnes,MID,Leicester,4.3,0,1,22,0,1.4,235,62,1,1,8.0,41.8,2020-11-02T20:00:00Z,70,10,0,0,0,0,7,0,317052,4,1,37.0,8,-45380,11172,56552,70,False,0
Daniel Ceballos Fernández,MID,Arsenal,1.8,0,0,0,0,0.0,501,64,0,0,0.0,0.0,2020-11-01T16:30:00Z,0,13,0,0,0,0,7,0,114897,1,0,0.0,0,-11541,3519,15060,50,False,0
Marcus Rashford,MID,Man Utd,5.2,0,0,4,0,19.3,306,64,1,0,3.7,3.6,2020-11-01T16:30:00Z,90,1,0,0,0,0,7,0,642682,1,0,14.0,2,117364,151365,34001,95,True,0
Theo Walcott,MID,Southampton,2.5,1,0,12,0,0.3,148,59,3,0,2.5,5.4,2020-11-01T12:00:00Z,90,2,0,0,0,0,7,0,14232,4,3,19.0,5,1377,2285,908,58,False,0
Ryan Fredericks,DEF,West Ham,-1.0,0,0,0,0,0.0,438,63,0,0,0.0,0.0,2020-10-31T17:30:00Z,0,11,0,0,0,0,7,0,21249,1,2,0.0,0,-1395,341,1736,44,False,0
Michail Antonio,FWD,West Ham,0.0,0,0,0,0,0.0,437,63,0,0,0.0,0.0,2020-10-31T17:30:00Z,0,11,0,0,0,0,7,0,246455,1,2,0.0,0,-47243,12059,59302,63,False,0
Callum Wilson,FWD,Newcastle,5.8,0,3,53,1,14.1,506,65,0,2,15.6,63.4,2020-11-01T14:00:00Z,86,7,0,0,0,0,7,0,934766,1,2,78.0,12,-63076,56857,119933,65,True,1
David Luiz Moreira Marinho,DEF,Arsenal,0.6,0,0,0,0,0.0,3,64,0,0,0.0,0.0,2020-11-01T16:30:00Z,0,13,0,0,0,0,7,0,72271,1,0,0.0,0,-8610,2305,10915,55,False,0
Moussa Djenepo,MID,Southampton,0.0,0,0,0,0,0.0,382,59,0,0,0.0,0.0,2020-11-01T12:00:00Z,0,2,0,0,0,0,7,0,5246,4,3,0.0,0,-1531,27,1558,55,False,0
Andreas Pereira,MID,Man Utd,0.0,0,0,0,0,0.0,304,64,0,0,0.0,0.0,2020-11-01T16:30:00Z,0,1,0,0,0,0,7,0,3141,1,0,0.0,0,-323,10,333,48,True,0
Leonardo Campana,FWD,Wolves,0.5,0,0,0,0,0.0,476,68,0,0,0.0,0.0,2020-10-30T20:00:00Z,0,6,0,0,0,0,7,0,23848,0,2,0.0,0,-1200,895,2095,49,True,0
Ryan Inniss,DEF,Crystal Palace,0.0,0,0,0,0,0.0,534,68,0,0,0.0,0.0,2020-10-30T20:00:00Z,0,20,0,0,0,0,7,0,4915,0,2,0.0,0,-466,109,575,40,False,0
Anwar El Ghazi,MID,Aston Villa,0.0,0,0,0,0,0.0,45,59,0,0,0.0,0.0,2020-11-01T12:00:00Z,0,16,0,0,0,0,7,0,7166,4,3,0.0,0,-429,186,615,58,True,0
Keinan Davis,FWD,Aston Villa,0.0,0,0,0,0,0.0,50,59,0,0,0.0,0.0,2020-11-01T12:00:00Z,0,16,0,0,0,0,7,0,652499,4,3,0.0,0,-50993,20146,71139,43,True,0
Odion Ighalo,FWD,Man Utd,0.0,0,0,0,0,0.0,293,64,0,0,0.0,0.0,2020-11-01T16:30:00Z,0,1,0,0,0,0,7,0,15021,1,0,0.0,0,-996,213,1209,62,True,0
Phil Jones,DEF,Man Utd,0.0,0,0,0,0,0.0,297,64,0,0,0.0,0.0,2020-11-01T16:30:00Z,0,1,0,0,0,0,7,0,3015,1,0,0.0,0,-146,29,175,49,True,0
Ryan Sessegnon,DEF,Spurs,0.0,0,0,0,0,0.0,399,67,0,0,0.0,0.0,2020-11-01T19:15:00Z,0,3,0,0,0,0,7,0,7148,1,2,0.0,0,-718,8,726,48,True,0
Andros Townsend,MID,Crystal Palace,1.5,0,0,9,0,23.2,137,68,2,0,6.4,18.4,2020-10-30T20:00:00Z,71,20,0,0,0,0,7,0,217206,0,2,22.0,2,-34170,8937,43107,60,False,0
Elia Caprile,GK,Leeds,-0.5,0,0,0,0,0.0,532,62,0,0,0.0,0.0,2020-11-02T20:00:00Z,0,9,0,0,0,0,7,0,21145,4,1,0.0,0,428,1696,1268,40,True,0
N'Golo Kanté,MID,Chelsea,3.2,0,0,15,1,19.3,113,60,0,0,4.5,17.4,2020-10-31T15:00:00Z,90,4,0,0,0,0,7,0,242959,3,0,8.0,3,-6491,9224,15715,49,False,0
Liam Cooper,DEF,Leeds,-0.5,0,0,18,0,1.1,195,62,4,0,2.0,19.2,2020-11-02T20:00:00Z,90,9,0,0,0,0,7,0,45776,4,1,0.0,0,-5108,547,5655,44,True,0
Olivier Giroud,FWD,Chelsea,0.8,0,0,2,0,1.8,103,60,0,0,0.2,0.0,2020-10-31T15:00:00Z,13,4,0,0,0,0,7,0,47729,3,0,0.0,1,-2979,631,3610,67,False,0
Kortney Hause,DEF,Aston Villa,0.0,0,0,0,0,0.0,39,59,0,0,0.0,0.0,2020-11-01T12:00:00Z,0,16,0,0,0,0,7,0,3331,4,3,0.0,0,-375,11,386,44,True,0
Oliver Casey,DEF,Leeds,-0.5,0,0,0,0,0.0,215,62,0,0,0.0,0.0,2020-11-02T20:00:00Z,0,9,0,0,0,0,7,0,99980,4,1,0.0,0,40230,45880,5650,39,True,0
Tyler Roberts,MID,Leeds,-0.2,0,0,2,0,0.3,206,62,2,0,1.1,0.4,2020-11-02T20:00:00Z,23,9,0,0,0,0,7,0,5262,4,1,10.0,1,-292,323,615,49,True,0
Scott McTominay,MID,Man Utd,2.0,0,0,13,0,13.9,309,64,1,0,2.8,10.2,2020-11-01T16:30:00Z,90,1,0,0,0,0,7,0,20883,1,0,4.0,2,603,2090,1487,49,True,0
Matthew Lowton,DEF,Burnley,0.5,0,0,17,0,15.3,92,60,3,0,2.8,12.0,2020-10-31T15:00:00Z,90,5,0,0,0,0,7,0,6821,3,0,1.0,1,-44,273,317,44,True,0
Ferran Torres,MID,Man City,2.0,0,0,-5,1,3.3,287,66,0,0,9.5,6.4,2020-10-31T12:30:00Z,80,15,0,0,0,0,7,0,60702,1,0,85.0,3,493,5745,5252,69,False,0
Rhian Brewster,FWD,Sheffield Utd,0.0,0,0,3,0,12.2,262,66,1,0,2.5,4.0,2020-10-31T12:30:00Z,90,12,0,0,0,0,7,0,500510,1,0,9.0,2,-22665,35284,57949,45,True,0
Darren Randolph,GK,West Ham,-1.0,0,0,0,0,0.0,430,63,0,0,0.0,0.0,2020-10-31T17:30:00Z,0,11,0,0,0,0,7,0,15862,1,2,0.0,0,-328,191,519,44,False,0
Jonas Lössl,GK,Everton,0.5,0,0,0,0,0.0,151,65,0,0,0.0,0.0,2020-11-01T14:00:00Z,0,14,0,0,0,0,7,0,10027,1,2,0.0,0,-273,130,403,44,False,0
Rolando Aarons,MID,Newcastle,0.0,0,0,0,0,0.0,337,65,0,0,0.0,0.0,2020-11-01T14:00:00Z,0,7,0,0,0,0,7,0,3281,1,2,0.0,0,-553,4,557,49,True,0
Pierre-Emile Højbjerg,MID,Spurs,3.5,0,0,13,0,2.9,396,67,1,0,1.8,15.0,2020-11-01T19:15:00Z,90,3,0,0,0,0,7,0,61562,1,2,0.0,2,566,6265,5699,49,True,0
Héctor Bellerín,DEF,Arsenal,6.5,1,3,37,1,20.6,11,64,0,0,3.7,12.6,2020-11-01T16:30:00Z,90,13,0,0,0,0,7,0,426299,1,0,4.0,12,-6360,21355,27715,50,False,0
Paulo Gazzaniga,GK,Spurs,0.5,0,0,0,0,0.0,393,67,0,0,0.0,0.0,2020-11-01T19:15:00Z,0,3,0,0,0,0,7,0,20631,1,2,0.0,0,-700,224,924,44,True,0
Cédric Soares,DEF,Arsenal,0.0,0,0,0,0,0.0,5,64,0,0,0.0,0.0,2020-11-01T16:30:00Z,0,13,0,0,0,0,7,0,14693,1,0,0.0,0,-822,212,1034,47,False,0
Pierre-Emerick Aubameyang,MID,Arsenal,3.5,0,1,31,1,16.4,4,64,0,1,7.6,34.0,2020-11-01T16:30:00Z,86,13,0,0,0,0,7,0,1011750,1,0,26.0,8,-191185,6334,197519,117,False,1
Andy Carroll,FWD,Newcastle,0.2,0,0,3,0,0.3,320,65,1,0,0.2,2.0,2020-11-01T14:00:00Z,3,7,0,0,0,0,7,0,28684,1,2,0.0,1,-3103,790,3893,53,True,0
Jack Grealish,MID,Aston Villa,10.8,2,2,44,0,36.8,37,59,4,1,21.6,63.6,2020-11-01T12:00:00Z,90,16,0,0,0,0,7,0,2100641,4,3,116.0,15,73559,217546,143987,73,True,0
Frederico Rodrigues de Paula Santos,MID,Man Utd,1.8,0,0,10,1,1.6,299,64,0,0,0.5,3.8,2020-11-01T16:30:00Z,61,1,0,0,0,0,7,0,10665,1,0,0.0,2,753,1450,697,53,True,1
Douglas Luiz Soares de Paulo,MID,Aston Villa,2.5,1,0,31,0,27.8,52,59,4,0,7.3,37.8,2020-11-01T12:00:00Z,90,16,0,0,0,0,7,0,21004,4,3,7.0,5,-806,974,1780,50,True,0
Neeskens Kebano,MID,Fulham,0.0,0,0,0,0,0.0,180,61,0,0,0.0,0.0,2020-11-02T17:30:00Z,0,18,0,0,0,0,7,0,4691,0,2,0.0,0,-713,73,786,48,True,0
Tom Heaton,GK,Aston Villa,0.0,0,0,0,0,0.0,28,59,0,0,0.0,0.0,2020-11-01T12:00:00Z,0,16,0,0,0,0,7,0,3306,4,3,0.0,0,-173,41,214,45,True,0
Oriol Romeu Vidal,MID,Southampton,4.2,0,0,12,0,1.6,364,59,3,0,2.0,18.4,2020-11-01T12:00:00Z,90,2,0,0,0,0,7,0,342308,4,3,0.0,2,22556,42658,20102,45,False,0
Mateusz Bogusz,MID,Leeds,0.0,0,0,0,0,0.0,533,62,0,0,0.0,0.0,2020-11-02T20:00:00Z,0,9,0,0,0,0,7,0,1205,4,1,0.0,0,-133,60,193,44,True,0
Tosin Adarabioyo,DEF,Fulham,3.0,0,0,21,1,0.4,572,61,0,0,1.7,12.2,2020-11-02T17:30:00Z,90,18,0,0,0,0,7,0,1324,0,2,4.0,6,188,329,141,45,True,0
Roberto Jimenez Gago,GK,West Ham,0.0,0,0,0,0,0.0,433,63,0,0,0.0,0.0,2020-10-31T17:30:00Z,0,11,0,0,0,0,7,0,907,1,2,0.0,0,-23,17,40,45,False,0
Jannik Vestergaard,DEF,Southampton,6.8,0,0,27,0,0.1,369,59,3,1,7.3,55.4,2020-11-01T12:00:00Z,90,2,0,0,0,0,7,0,223240,4,3,17.0,7,99018,105529,6511,45,False,0
Martin Kelly,DEF,Crystal Palace,-0.5,0,0,0,0,0.0,135,68,0,0,0.0,0.0,2020-10-30T20:00:00Z,0,20,0,0,0,0,7,0,37208,0,2,0.0,0,-2352,718,3070,43,False,0
Harvey Elliott,MID,Liverpool,0.0,0,0,0,0,0.0,265,63,0,0,0.0,0.0,2020-10-31T17:30:00Z,0,19,0,0,0,0,7,0,10711,1,2,0.0,0,-1269,118,1387,44,True,0
Nemanja Matic,MID,Man Utd,0.8,0,0,10,0,13.0,295,64,1,0,3.3,9.4,2020-11-01T16:30:00Z,28,1,0,0,0,0,7,0,17264,1,0,11.0,1,-1372,426,1798,49,True,0
Indiana Vassilev,FWD,Aston Villa,0.0,0,0,0,0,0.0,51,59,0,0,0.0,0.0,2020-11-01T12:00:00Z,0,16,0,0,0,0,7,0,61523,4,3,0.0,0,-4211,2226,6437,44,True,0
Will Norris,GK,Burnley,-0.5,0,0,0,0,0.0,583,60,0,0,0.0,0.0,2020-10-31T15:00:00Z,0,5,0,0,0,0,7,0,4210,3,0,0.0,0,1361,1620,259,40,True,0
Wesley Moraes,FWD,Aston Villa,0.0,0,0,0,0,0.0,48,59,0,0,0.0,0.0,2020-11-01T12:00:00Z,0,16,0,0,0,0,7,0,733,4,3,0.0,0,-32,43,75,60,True,0
Sébastien Haller,FWD,West Ham,0.0,0,0,5,0,1.5,441,63,1,0,0.5,3.4,2020-10-31T17:30:00Z,73,11,0,0,0,0,7,0,18536,1,2,0.0,2,-332,1169,1501,61,False,0
Matej Vydra,FWD,Burnley,-0.2,0,0,0,0,0.0,93,60,0,0,0.0,0.0,2020-10-31T15:00:00Z,0,5,0,0,0,0,7,0,55232,3,0,0.0,0,-4925,2788,7713,50,True,0
Kai Havertz,MID,Chelsea,4.5,0,0,14,1,18.6,500,60,0,0,4.8,12.6,2020-10-31T15:00:00Z,85,4,0,0,0,0,7,0,603864,3,0,17.0,3,-29416,45665,75081,84,False,0
Billy Sharp,FWD,Sheffield Utd,1.0,0,0,0,0,0.0,343,66,0,0,0.0,0.0,2020-10-31T12:30:00Z,0,12,0,0,0,0,7,0,11599,1,0,0.0,0,-911,372,1283,57,True,0
Dale Stephens,MID,Burnley,-0.2,0,0,5,0,0.7,55,60,1,0,0.5,4.0,2020-10-31T15:00:00Z,45,5,0,0,0,0,7,0,553855,3,0,0.0,1,-27812,9334,37146,44,True,0
Frédéric Guilbert,DEF,Aston Villa,0.0,0,0,0,0,0.0,47,59,0,0,0.0,0.0,2020-11-01T12:00:00Z,0,16,0,0,0,0,7,0,8229,4,3,0.0,0,-361,101,462,44,True,0
Rodrigo Moreno,FWD,Leeds,1.8,0,0,0,0,0.0,492,62,0,0,0.0,0.0,2020-11-02T20:00:00Z,0,9,0,0,0,0,7,0,226276,4,1,0.0,0,-11976,9121,21097,58,True,0
Kamil Grosicki,MID,West Brom,0.0,0,0,0,0,0.0,410,61,0,0,0.0,0.0,2020-11-02T17:30:00Z,0,8,0,0,0,0,7,0,2438,0,2,0.0,0,-273,19,292,53,False,0
James Tomkins,DEF,Crystal Palace,-0.5,0,0,0,0,0.0,129,68,0,0,0.0,0.0,2020-10-30T20:00:00Z,0,20,0,0,0,0,7,0,1399,0,2,0.0,0,146,293,147,45,False,0
Shkodran Mustafi,DEF,Arsenal,0.5,0,0,4,0,0.0,7,64,0,0,0.4,4.0,2020-11-01T16:30:00Z,3,13,0,0,0,0,7,0,1723,1,0,0.0,1,182,269,87,50,False,0
Lucas Digne,DEF,Everton,0.0,0,0,0,0,0.0,155,65,0,0,0.0,0.0,2020-11-01T14:00:00Z,0,14,0,0,0,0,7,0,902771,1,2,0.0,0,-434149,26260,460409,62,False,0
James Ward-Prowse,MID,Southampton,8.2,1,3,56,0,30.3,370,59,3,2,13.9,93.4,2020-11-01T12:00:00Z,90,2,0,0,0,0,7,0,151924,4,3,15.0,17,15915,22669,6754,58,False,1
Islam Slimani,FWD,Leicester,0.8,0,0,0,0,0.0,579,62,0,0,0.0,0.0,2020-11-02T20:00:00Z,0,10,0,0,0,0,7,0,4215,4,1,0.0,0,-140,1025,1165,50,False,0
Andrew Robertson,DEF,Liverpool,3.2,0,0,11,0,10.2,255,63,1,0,2.9,8.6,2020-10-31T17:30:00Z,90,19,0,0,0,0,7,0,1430907,1,2,10.0,2,40402,97685,57283,71,True,0
Stuart Armstrong,MID,Southampton,3.5,1,0,12,0,11.8,368,59,3,0,3.5,18.8,2020-11-01T12:00:00Z,90,2,0,0,0,0,7,0,12473,4,3,4.0,5,515,1388,873,55,False,0
Jamie Shackleton,MID,Leeds,0.8,0,0,3,0,3.8,210,62,2,0,1.0,2.6,2020-11-02T20:00:00Z,45,9,0,0,0,0,7,0,2923,4,1,4.0,1,162,327,165,48,True,0
Ayoze Pérez,MID,Leicester,1.3,0,0,0,0,0.0,229,62,0,0,0.0,0.0,2020-11-02T20:00:00Z,0,10,0,0,0,0,7,0,77770,4,1,0.0,0,-10041,817,10858,62,False,0
Adrián San Miguel del Castillo,GK,Liverpool,1.5,0,0,0,0,0.0,245,63,0,0,0.0,0.0,2020-10-31T17:30:00Z,0,19,0,0,0,0,7,0,38773,1,2,0.0,0,-14682,1568,16250,45,True,0
James McCarthy,MID,Crystal Palace,-0.4,0,0,0,0,0.0,131,68,0,0,0.0,0.0,2020-10-30T20:00:00Z,0,20,0,0,0,0,7,0,117155,0,2,0.0,0,-16277,203,16480,45,False,0
Jordan Hugill,FWD,West Ham,0.0,0,0,0,0,0.0,444,63,0,0,0.0,0.0,2020-10-31T17:30:00Z,0,11,0,0,0,0,7,0,544,1,2,0.0,0,-28,27,55,55,False,0
Alexandre Lacazette,FWD,Arsenal,1.0,0,0,9,1,22.0,6,64,0,0,3.6,12.0,2020-11-01T16:30:00Z,75,13,0,0,0,0,7,0,256783,1,0,2.0,2,-38142,3406,41548,84,False,0
Conor Hourihane,MID,Aston Villa,0.0,0,0,0,0,0.0,33,59,0,0,0.0,0.0,2020-11-01T12:00:00Z,0,16,0,0,0,0,7,0,14567,4,3,0.0,0,-2682,247,2929,60,True,0
Ben Godfrey,DEF,Everton,1.2,0,0,0,0,0.0,566,65,0,0,0.0,0.0,2020-11-01T14:00:00Z,0,14,0,0,0,0,7,0,5307,1,2,0.0,0,1028,1526,498,50,False,0
Yves Bissouma,MID,Brighton,1.2,0,0,5,0,2.7,76,67,2,0,1.8,7.4,2020-11-01T19:15:00Z,90,17,0,0,0,0,7,0,275283,1,2,8.0,2,-101,16177,16278,45,False,0
Mohammed Salisu,DEF,Southampton,0.0,0,0,0,0,0.0,479,59,0,0,0.0,0.0,2020-11-01T12:00:00Z,0,2,0,0,0,0,7,0,7934,4,3,0.0,0,-811,43,854,43,False,0
Nicolás Otamendi,DEF,Man City,0.0,0,0,0,0,0.0,269,66,0,0,0.0,0.0,2020-10-31T12:30:00Z,0,15,0,0,0,0,7,0,18914,1,0,0.0,0,-1521,18,1539,49,False,0
Tammy Abraham,FWD,Chelsea,2.8,1,0,15,1,12.3,118,60,0,0,7.5,23.2,2020-10-31T15:00:00Z,76,4,0,0,0,0,7,0,155594,3,0,39.0,5,-15443,2268,17711,72,False,0
Tomas Soucek,MID,West Ham,1.0,0,0,6,0,0.8,449,63,2,0,3.4,16.0,2020-10-31T17:30:00Z,90,11,0,0,0,0,7,0,199755,1,2,17.0,2,-9033,8533,17566,49,False,0
Sergio Romero,GK,Man Utd,0.0,0,0,0,0,0.0,289,64,0,0,0.0,0.0,2020-11-01T16:30:00Z,0,1,0,0,0,0,7,0,6734,1,0,0.0,0,-237,27,264,49,True,0
Joseph Willock,MID,Arsenal,0.0,0,0,0,0,0.0,20,64,0,0,0.0,0.0,2020-11-01T16:30:00Z,0,13,0,0,0,0,7,0,5778,1,0,0.0,0,-163,251,414,48,False,0
Lewis Richardson,FWD,Burnley,0.6,0,0,0,0,0.0,592,60,0,0,0.0,0.0,2020-10-31T15:00:00Z,0,5,0,0,0,0,7,0,0,3,0,0.0,0,0,0,0,45,True,0
Zeze Steven Sessegnon,DEF,Fulham,0.0,0,0,0,0,0.0,192,61,0,0,0.0,0.0,2020-11-02T17:30:00Z,0,18,0,0,0,0,7,0,3827,0,2,0.0,0,-205,26,231,43,True,0
Michael Keane,DEF,Everton,3.8,0,0,13,0,1.2,156,65,2,0,3.0,20.8,2020-11-01T14:00:00Z,90,14,0,0,0,0,7,0,457550,1,2,8.0,1,21131,37022,15891,51,False,0
Morgan Gibbs-White,MID,Wolves,0.0,0,0,0,0,0.0,473,68,0,0,0.0,0.0,2020-10-30T20:00:00Z,0,6,0,0,0,0,7,0,428,0,2,0.0,0,-11,15,26,50,True,0
Jack Harrison,MID,Leeds,3.2,1,1,22,0,48.8,203,62,4,0,8.7,29.8,2020-11-02T20:00:00Z,90,9,0,0,0,0,7,0,137689,4,1,8.0,6,-3120,9892,13012,55,True,0
Cenk Tosun,FWD,Everton,0.0,0,0,4,0,10.5,153,65,1,0,1.5,2.2,2020-11-01T14:00:00Z,21,14,0,0,0,0,7,0,552,1,2,2.0,1,-8,38,46,60,False,0
Sander Berge,MID,Sheffield Utd,2.0,0,0,11,0,16.3,360,66,1,0,4.9,11.0,2020-10-31T12:30:00Z,90,12,0,0,0,0,7,0,12880,1,0,22.0,2,1953,3029,1076,50,True,0
Aaron Cresswell,DEF,West Ham,4.8,0,0,11,0,0.5,435,63,2,0,2.4,23.4,2020-10-31T17:30:00Z,90,11,0,0,0,0,7,0,495472,1,2,0.0,1,79483,102254,22771,50,False,0
Ryan Bertrand,DEF,Southampton,3.8,0,0,6,0,11.4,362,59,1,0,1.7,3.2,2020-11-01T12:00:00Z,78,2,0,0,0,0,7,0,104007,4,3,2.0,2,7876,11280,3404,50,False,0
Donny van de Beek,MID,Man Utd,0.8,0,0,2,0,4.9,495,64,0,0,1.3,0.4,2020-11-01T16:30:00Z,15,1,0,0,0,0,7,0,162321,1,0,8.0,1,-23132,2058,25190,68,True,0
Divock Origi,FWD,Liverpool,1.0,0,0,0,0,0.0,256,63,0,0,0.0,0.0,2020-10-31T17:30:00Z,0,19,0,0,0,0,7,0,49089,1,2,0.0,0,-3072,898,3970,53,True,0
Romain Saïss,DEF,Wolves,6.0,0,0,0,0,0.0,461,68,0,0,0.0,0.0,2020-10-30T20:00:00Z,0,6,0,0,0,0,7,0,1661633,0,2,0.0,0,302811,326735,23924,53,True,0
Giovani Lo Celso,MID,Spurs,1.0,0,0,2,0,25.6,403,67,0,0,3.6,5.6,2020-11-01T19:15:00Z,26,3,0,0,0,0,7,0,32928,1,2,5.0,1,-858,291,1149,69,True,0
Rui Pedro dos Santos Patrício,GK,Wolves,5.5,0,0,24,1,0.0,455,68,0,0,0.9,9.0,2020-10-30T20:00:00Z,90,6,0,0,0,0,7,2,550897,0,2,0.0,6,-12752,11124,23876,55,True,0
João Virgínia,GK,Everton,0.5,0,0,0,0,0.0,167,65,0,0,0.0,0.0,2020-11-01T14:00:00Z,0,14,0,0,0,0,7,0,5931,1,2,0.0,0,-128,67,195,44,False,0
Martín Montoya,DEF,Brighton,0.0,0,0,0,0,0.0,63,67,0,0,0.0,0.0,2020-11-01T19:15:00Z,0,17,0,0,0,0,7,0,725,1,2,0.0,0,-16,8,24,45,False,0
Rob Holding,DEF,Arsenal,0.0,0,0,26,1,0.7,16,64,0,0,1.7,16.6,2020-11-01T16:30:00Z,90,13,0,0,0,0,7,0,92334,1,0,0.0,5,-33356,53,33409,45,False,1
Bamidele Alli,MID,Spurs,0.7,0,0,0,0,0.0,394,67,0,0,0.0,0.0,2020-11-01T19:15:00Z,0,3,0,0,0,0,7,0,45866,1,2,0.0,0,-2632,910,3542,75,True,0
Jonjoe Kenny,DEF,Everton,1.2,0,0,11,0,6.6,160,65,1,0,2.4,9.0,2020-11-01T14:00:00Z,75,14,0,0,0,0,7,0,7192,1,2,8.0,2,-529,145,674,43,False,0
Calum Chambers,DEF,Arsenal,0.0,0,0,0,0,0.0,13,64,0,0,0.0,0.0,2020-11-01T16:30:00Z,0,13,0,0,0,0,7,0,921,1,0,0.0,0,-35,27,62,45,False,0
Jairo Riedewald,MID,Crystal Palace,3.8,0,0,14,0,14.4,144,68,2,0,3.8,23.2,2020-10-30T20:00:00Z,90,20,0,0,0,0,7,0,68799,0,2,0.0,2,23823,29712,5889,44,False,0
Matt Doherty,DEF,Spurs,2.5,0,0,9,0,2.0,457,67,1,0,1.8,14.4,2020-11-01T19:15:00Z,90,3,0,0,0,0,7,0,652178,1,2,2.0,2,-27835,16073,43908,58,True,0
Rúnar Alex Rúnarsson,GK,Arsenal,0.0,0,0,0,0,0.0,547,64,0,0,0.0,0.0,2020-11-01T16:30:00Z,0,13,0,0,0,0,7,0,1970,1,0,0.0,0,7,127,120,45,False,0
Phil Jagielka,DEF,Sheffield Utd,-1.0,0,0,0,0,0.0,529,66,0,0,0.0,0.0,2020-10-31T12:30:00Z,0,12,0,0,0,0,7,0,45394,1,0,0.0,0,411,3190,2779,40,True,0
Dwight Gayle,FWD,Newcastle,0.0,0,0,0,0,0.0,329,65,0,0,0.0,0.0,2020-11-01T14:00:00Z,0,7,0,0,0,0,7,0,1688,1,2,0.0,0,-52,29,81,59,True,0
Adrián Bernabé,MID,Man City,1.0,0,0,0,0,0.0,537,66,0,0,0.0,0.0,2020-10-31T12:30:00Z,0,15,0,0,0,0,7,0,485,1,0,0.0,0,58,105,47,45,False,0
Naby Keita,MID,Liverpool,0.9,0,0,0,0,0.0,261,63,0,0,0.0,0.0,2020-10-31T17:30:00Z,0,19,0,0,0,0,7,0,21189,1,2,0.0,0,-3745,28,3773,53,True,0
Liam Delap,FWD,Man City,1.0,0,0,0,0,0.0,539,66,0,0,0.0,0.0,2020-10-31T12:30:00Z,0,15,0,0,0,0,7,0,69943,1,0,0.0,0,-5069,6476,11545,44,False,0
Max Meyer,MID,Crystal Palace,-0.5,0,0,0,0,0.0,143,68,0,0,0.0,0.0,2020-10-30T20:00:00Z,0,20,0,0,0,0,7,0,3097,0,2,0.0,0,-97,141,238,48,False,0
Hakim Ziyech,MID,Chelsea,5.8,1,3,42,1,16.5,114,60,0,1,7.9,51.0,2020-10-31T15:00:00Z,72,4,0,0,0,0,7,0,114819,3,0,11.0,14,20552,32109,11557,79,False,0
Jonny Evans,DEF,Leicester,1.5,0,0,0,0,0.0,219,62,0,0,0.0,0.0,2020-11-02T20:00:00Z,0,10,0,0,0,0,7,0,17366,4,1,0.0,0,1798,3150,1352,55,False,0
Kyle Edwards,MID,West Brom,0.5,0,0,0,0,0.0,421,61,0,0,0.0,0.0,2020-11-02T17:30:00Z,0,8,0,0,0,0,7,0,1967,0,2,0.0,0,-77,31,108,49,False,0
Ola Aina,DEF,Fulham,5.0,0,3,33,1,1.3,562,61,0,1,5.2,43.8,2020-11-02T17:30:00Z,90,18,0,0,0,0,7,0,2434,0,2,7.0,15,486,967,481,45,True,0
