id,player_name,games,time,goals,xG,assists,xA,shots,key_passes,yellow_cards,red_cards,position,team_title,npg,npxG,xGChain,xGBuildup
8260,Erling Haaland,35,2803,36,32.761399537324905,8,5.8491098545491695,123,29,5,0,F S,Manchester City,29,27.433209866285324,31.963398084044456,3.285816218703985
647,Harry Kane,38,3414,30,23.06444012373686,3,7.547407771460712,133,57,6,0,F,Tottenham,25,18.497427217662334,25.079117983579636,5.095352162607014
998,Ivan Toney,33,2960,20,21.69119757413864,4,4.909892840310931,94,26,9,0,F,Brentford,14,16.363018790259957,18.1100468672812,4.024585669860244
1250,Mohamed Salah,38,3307,19,23.340063713490963,12,8.720245610922575,125,65,2,0,F M S,Liverpool,17,20.295387655496597,32.54413793236017,8.866782674565911
468,Callum Wilson,31,1911,18,18.856768030673265,5,3.567963434383273,73,24,4,0,F S,Newcastle United,15,16.57326026633382,15.517562381923199,1.810890594497323
556,Marcus Rashford,35,2907,17,18.761760517954826,5,3.7354129292070866,108,31,2,0,F M S,Manchester United,17,18.761760517954826,30.331113813444972,9.589746218174696
2517,Martin Odegaard,37,3203,15,9.137760860845447,7,9.209956639446318,93,77,4,0,M,Arsenal,15,9.137760860845447,27.893760193139315,15.047104069963098
7752,Gabriel Martinelli,36,2851,15,10.538134384900331,5,9.349485490471125,79,59,3,0,F M S,Arsenal,15,10.538134384900331,25.15087455138564,9.320917252451181
8865,Ollie Watkins,37,3150,15,17.486295863986015,6,3.6740340031683445,85,30,4,0,F M S,Aston Villa,14,15.963956996798515,22.162564158439636,5.435315723530948
773,Aleksandar Mitrovic,24,2022,14,16.17901684064418,1,2.3344982340931892,93,15,7,0,F S,Fulham,10,10.089664130471647,11.802805667743087,2.5752602564170957
7322,Bukayo Saka,38,3216,14,11.300049655139446,11,7.0429807445034385,89,75,6,0,F M S,Arsenal,12,9.016541637480259,23.58317681774497,11.6032799705863
2381,Rodrigo,31,1955,13,8.572983920574188,1,2.298705962486565,67,16,6,0,F M S,Leeds,12,7.811814919114113,10.812733860686421,3.450525519438088
6681,Harvey Barnes,34,2738,13,9.120478011667728,1,3.107304636389017,72,19,3,0,F M S,Leicester,13,9.120478011667728,14.723602913320065,3.649019580334425
482,Roberto Firmino,25,1203,11,8.122956335544586,4,3.0548400916159153,39,21,0,0,F M S,Liverpool,11,8.122956335544586,13.91264321282506,6.6901707127690315
5543,Gabriel Jesus,26,2107,11,16.171134389936924,6,4.243733491748571,77,31,6,0,F S,Arsenal,10,15.409974373877048,22.476388424634933,6.94562154635787
6055,Phil Foden,32,1837,11,6.185852009803057,6,5.697479462251067,46,44,1,0,F M S,Manchester City,11,6.185852009803057,17.42637488618493,8.101508693769574
7420,Miguel Almirón,34,2550,11,8.727059464901686,2,2.9551383573561907,69,26,2,0,F S,Newcastle United,11,8.727059464901686,14.478478658944368,5.557318415492773
453,Son Heung-Min,36,2920,10,9.597895424813032,6,6.334341483190656,81,62,2,0,F M S,Tottenham,10,9.597895424813032,17.62133340537548,5.954911859706044
5232,Alexander Isak,22,1530,10,8.784851711243391,1,1.7707323329523206,51,15,3,0,F S,Newcastle United,8,7.262516763061285,11.15905637666583,2.8647358743473887
6818,James Maddison,30,2485,10,8.489387180656195,9,7.773198906332254,85,69,10,0,F M S,Leicester,9,6.967049431055784,15.354668013751507,6.399377454072237
7814,Taiwo Awoniyi,27,1426,10,8.0510318800807,1,1.02802275121212,35,10,2,0,F S,Nottingham Forest,10,8.0510318800807,7.681166335940361,0.7168999258428812
8379,Alexis Mac Allister,35,2882,10,11.532242968678474,2,3.9281202014535666,86,47,8,0,M S,Brighton,4,6.965230006724596,19.910672947764397,12.656914940103889
8706,Eberechi Eze,38,2657,10,6.831764040514827,4,4.619440779089928,70,57,3,0,F M S,Crystal Palace,9,6.070595199242234,11.0957055054605,4.369746007025242
239,Pascal Groß,37,3261,9,5.954401790164411,8,11.246030485257506,40,80,6,0,D F M,Brighton,9,5.954401790164411,25.252408916130662,15.00836755335331
843,James Ward-Prowse,38,3378,9,5.408911099657416,4,6.058508426882327,44,72,6,0,M,Southampton,7,2.3642341531813145,10.5485019069165,8.641763718798757
6552,Bryan Mbeumo,38,2991,9,10.100785619579256,8,7.65799580514431,71,52,5,0,F S,Brentford,8,9.339616828598082,17.531262825243175,5.165040111169219
10720,Darwin Núñez,29,1702,9,14.374805428087711,3,5.6468874625861645,84,28,1,1,F S,Liverpool,9,14.374805428087711,20.277393620461226,3.4813443943858147
10846,Julián Álvarez,31,1416,9,7.753276175819337,0,2.0468210969120264,47,18,0,0,F M S,Manchester City,8,6.992107159458101,13.768698140978813,5.820535558275878
314,Ilkay Gündogan,31,2369,8,7.842695340514183,4,3.444544769823551,54,37,0,0,M S,Manchester City,8,7.081526502966881,23.573771215975285,15.498776016756892
986,Danny Ings,35,1562,8,8.25754163786769,2,1.4635955430567265,42,15,4,0,F S,"Aston Villa,West Ham",6,6.735200669616461,8.444588728249073,0.8141068425029516
1228,Bruno Fernandes,37,3326,8,9.385456696152687,8,17.266709440387785,92,118,6,0,M,Manchester United,6,7.863118812441826,35.418096881359816,17.724953144788742
7698,Leandro Trossard,36,2263,8,7.068454213440418,12,6.358577378094196,55,47,1,0,D F M S,"Arsenal,Brighton",8,7.068454213440418,16.329788200557232,6.749516544863582
10760,Brennan Johnson,38,2952,8,8.266518421471119,3,3.7432961594313383,55,28,6,0,F M S,Nottingham Forest,7,5.983012191951275,12.170722473412752,2.8007613457739353
204,Granit Xhaka,37,3039,7,5.785433189943433,7,4.802904064767063,40,46,4,0,M S,Arsenal,7,5.785433189943433,21.03214856982231,14.246417433023453
447,Kevin De Bruyne,32,2448,7,4.7582743894308805,16,16.31964398175478,65,97,1,0,M S,Manchester City,7,4.7582743894308805,29.12851269170642,16.633560817688704
522,Wilfried Zaha,27,2308,7,7.797594489529729,2,2.760253319516778,66,26,5,0,F M,Crystal Palace,7,6.275257470086217,11.746893677860498,4.086586587131023
5220,Kai Havertz,35,2613,7,12.77656376361847,1,3.5748752877116203,71,38,5,0,F M S,Chelsea,6,12.015389770269394,17.850972719490528,5.238859623670578
5786,Yoane Wissa,38,1583,7,5.207585535943508,3,2.6399280801415443,32,13,3,0,F S,Brentford,7,5.207585535943508,11.27296715322882,4.301408238708973
6034,Philip Billing,36,2822,7,4.894198485650122,1,3.457261343486607,38,27,5,0,F M S,Bournemouth,7,4.894198485650122,9.995119906961918,3.561682090163231
6756,Dwight McNeil,36,2512,7,3.8712205197662115,3,7.44360885117203,46,51,5,0,D F M S,Everton,7,3.8712205197662115,9.874688405543566,2.480967789888382
6854,Diogo Jota,22,1132,7,6.437793597579002,4,1.7756053674966097,35,17,2,0,F M S,Liverpool,7,6.437793597579002,8.173869889229536,3.9002224784344435
10806,Kaoru Mitoma,33,2306,7,9.245785741135478,5,7.035773795098066,52,40,0,0,D M S,Brighton,7,9.245785741135478,21.043237909674644,9.100571872666478
11296,Cody Gakpo,21,1483,7,6.5545395612716675,2,2.981710772961378,39,23,0,0,F M S,Liverpool,7,6.5545395612716675,12.117870450019836,4.4253273122012615
87,Joelinton,32,2677,6,6.252544686198235,1,3.116438364610076,51,26,12,0,F M S,Newcastle United,6,6.252544686198235,12.307858122512698,7.0922601986676455
501,Danny Welbeck,31,1868,6,9.550176788121462,3,5.098056230694056,62,30,0,0,F S,Brighton,6,9.550176788121462,16.103102758526802,5.3988224398344755
553,Anthony Martial,21,987,6,7.3281096909195185,2,1.7567607499659061,27,12,0,0,F S,Manchester United,5,6.566943714395165,9.77430764771998,2.7753882352262735
618,Raheem Sterling,28,1919,6,7.405153378844261,3,4.861129405908287,41,34,4,0,D F M S,Chelsea,6,7.405153378844261,13.539876326918602,3.041725432500243
1679,Dominic Solanke,33,2874,6,9.317674346268177,7,3.9576231529936194,76,21,2,0,F M S,Bournemouth,6,9.317674346268177,14.145027499645948,3.0667414711788297
1776,Jarrod Bowen,38,3245,6,10.004229810088873,5,6.90739019960165,75,48,2,0,F M S,West Ham,5,8.48189047165215,15.171011984348297,3.6215272583067417
3585,Said Benrahma,35,2070,6,6.350573148578405,3,4.756499437615275,73,48,0,0,F M S,West Ham,2,3.3058972023427486,8.221184162423015,2.454255508258939
6049,Solly March,33,2745,6,8.069857582449913,7,9.567008880898356,73,65,2,0,D M S,Brighton,6,8.069857582449913,22.130394473671913,9.125229258090258
6122,Douglas Luiz,37,2947,6,3.191290902905166,6,4.567880779504776,34,45,6,1,M S,Aston Villa,6,3.191290902905166,15.93928093276918,11.555413709953427
6345,Jadon Sancho,26,1710,6,3.7890949305146933,3,4.790035545825958,21,43,0,0,F M S,Manchester United,6,3.7890949305146933,15.047371318563819,7.7076081950217485
6853,Rúben Neves,35,3022,6,5.0062854727730155,1,1.8384296027943492,67,32,12,0,D M S,Wolverhampton Wanderers,3,2.7227791724726558,10.452420154586434,8.169478697702289
8291,Daniel Podence,32,1769,6,3.7195267919451,0,2.4171172585338354,43,37,5,0,F M S,Wolverhampton Wanderers,6,3.7195267919451,7.612551175057888,2.9080893266946077
8941,Jacob Ramsey,35,2675,6,5.228078290820122,7,5.728406075388193,33,42,5,0,M S,Aston Villa,6,5.228078290820122,14.287118025124073,6.712041646242142
10177,Evan Ferguson,19,950,6,5.667327303439379,2,0.6870213840156794,36,11,1,0,F S,Brighton,6,5.667327303439379,8.419608421623707,2.7216656310483813
531,Michail Antonio,33,1847,5,7.201865157112479,3,1.6608268171548843,39,15,2,0,F S,West Ham,5,7.201865157112479,5.891749322414398,1.3007178837433457
620,Kelechi Iheanacho,28,1120,5,6.133550511673093,5,3.7054135501384735,39,22,0,0,F M S,Leicester,4,5.372381644323468,9.021692022681236,1.8175414633005857
675,Jack Grealish,28,2083,5,4.998198181390762,7,7.464956499636173,41,50,3,0,F M S,Manchester City,5,4.998198181390762,18.557112345471978,8.295533634722233
700,Willian,27,2174,5,3.383236724883318,5,5.042201226577163,41,51,2,0,M S,Fulham,5,3.383236724883318,9.590186490677297,3.7871379032731056
750,Riyad Mahrez,30,1941,5,5.864552567712963,10,6.157492842525244,43,51,2,0,F M S,Manchester City,4,5.1033805115148425,18.33359582722187,11.644092932343483
1726,Abdoulaye Doucouré,25,1519,5,3.2140165455639362,2,2.4725133273750544,20,22,6,1,M S,Everton,5,3.2140165455639362,5.765182003378868,1.7658195812255144
2182,Jefferson Lerma,37,3263,5,3.1550366831943393,0,2.628147560171783,35,18,7,0,D M,Bournemouth,5,3.1550366831943393,7.719455648213625,5.278287973254919
2203,Emiliano Buendía,38,2446,5,5.6266536470502615,2,4.373138631694019,49,40,0,0,F M S,Aston Villa,5,5.6266536470502615,15.272164912894368,7.626095078885555
3697,Odsonne Edouard,35,1819,5,5.535292422398925,2,1.2745107971131802,39,17,3,0,F M S,Crystal Palace,5,5.535292422398925,7.545081002637744,2.812871368601918
6108,Rodrigo Bentancur,18,1516,5,2.4369436921551824,2,0.6443385947495699,15,11,8,0,M S,Tottenham,5,2.4369436921551824,8.615036329254508,6.708776051178575
6857,Morgan Gibbs-White,37,3170,5,6.6556903049349785,8,7.807910647243261,62,67,6,0,F M S,"Nottingham Forest,Wolverhampton Wanderers",3,5.133352592587471,13.668892225250602,4.559631913900375
7166,Mathias Jensen,37,2898,5,1.9304941780865192,6,3.59164313133806,23,48,5,0,M,Brentford,5,1.9304941780865192,9.594746176153421,6.600326562300324
7395,Carlos Vinicius,28,1079,5,3.5915758907794952,2,0.5233518667519093,21,8,3,0,F S,Fulham,5,3.5915758907794952,5.013299356214702,1.3816988291218877
7700,Che Adams,28,2019,5,7.306276918388903,3,2.7257514875382185,47,24,1,0,F M S,Southampton,5,7.306276918388903,11.955216951668262,4.128748474642634
8720,Jack Harrison,36,2793,5,5.013850751332939,7,5.010656230151653,39,53,2,0,D F M S,Leeds,5,5.013850751332939,11.75817795842886,4.768079791218042
10741,Marcus Tavernier,23,1770,5,3.9280984150245786,4,2.7044622469693422,37,17,1,0,D M S,Bournemouth,5,3.9280984150245786,7.433676986023784,2.7403341960161924
10804,Deniz Undav,22,594,5,5.5473707262426615,0,1.1680052187293768,27,8,2,0,F M S,Brighton,5,5.5473707262426615,7.276752598583698,1.4865605253726244
10866,Luis Sinisterra,19,891,5,3.3617069628089666,0,0.38904310017824173,28,9,1,1,F M S,Leeds,5,3.3617069628089666,5.349757798016071,2.453906362876296
343,Pierre-Emile Højbjerg,35,3137,4,1.5295524531975389,5,3.1992804715409875,33,30,5,0,M,Tottenham,4,1.5295524531975389,15.63659394159913,11.95062574185431
672,Jordan Ayew,38,2738,4,2.751328118145466,3,3.050740525126457,32,30,5,0,F M S,Crystal Palace,4,2.751328118145466,7.421665016561747,3.225975366309285
762,Demarai Gray,33,2520,4,6.325153514742851,1,3.608845199458301,59,36,3,0,F M S,Everton,2,4.802815888077021,9.126681806519628,3.215145505964756
822,Patrick Bamford,28,1523,4,9.774512918666005,2,1.0358418971300125,50,12,3,0,F S,Leeds,4,8.252171130850911,8.993882125243545,1.0394691042602062
922,Andreas Pereira,33,2765,4,6.4268809938803315,6,4.836930306628346,62,60,8,0,M,Fulham,3,5.665711977519095,10.155083853751421,4.31409253180027
2248,Casemiro,28,2127,4,3.140908549539745,3,3.8724323799833655,34,28,7,2,M S,Manchester United,4,3.140908549539745,18.88839770667255,13.882083844393492
3635,Bernardo Silva,34,2194,4,2.2564154639840126,5,3.916250504553318,25,30,5,0,D F M S,Manchester City,4,2.2564154639840126,17.542014747858047,13.04661456309259
5221,Leon Bailey,33,2031,4,4.778411947190762,4,5.5339578883722425,51,30,4,0,F M S,Aston Villa,4,4.778411947190762,13.001362528651953,3.578845404088497
5553,Declan Rice,37,3268,4,2.2349475855007768,1,2.33805207721889,36,36,5,0,M S,West Ham,4,1.4737785691395402,10.850467165000737,8.603918568231165
6063,Jacob Murphy,36,1215,4,3.6970865204930305,2,2.6827865578234196,29,20,0,0,F S,Newcastle United,4,3.6970865204930305,10.11375443264842,4.066189099103212
6482,Eddie Nketiah,30,1017,4,9.223067251965404,1,1.481980249285698,41,9,3,0,F S,Arsenal,4,9.223067251965404,10.200598530471325,1.7821177616715431
6827,Bobby Reid,36,2511,4,4.2260939590632915,1,1.5008238069713116,31,18,8,0,D F M S,Fulham,4,4.2260939590632915,8.135475918650627,3.868883727118373
7365,Lucas Paquetá,28,2209,4,5.04679605551064,3,2.8692219518125057,53,32,5,0,F M S,West Ham,3,4.285627054050565,9.569089142605662,4.352459283545613
7892,João Félix,16,953,4,4.288620352745056,0,0.6466051954776049,46,6,1,1,F M S,Chelsea,4,4.288620352745056,5.620456300675869,2.0359091740101576
8150,Anthony Gordon,32,1564,4,5.549364037811756,0,1.411392219364643,34,14,7,0,F M S,"Everton,Newcastle United",4,5.549364037811756,7.685043416917324,1.7389676179736853
8327,Bruno Guimarães,32,2762,4,2.726729958318174,5,3.8061026968061924,28,42,7,0,M,Newcastle United,4,2.726729958318174,16.498836187645793,13.379123143851757
9492,Crysencio Summerville,28,1391,4,3.5592077020555735,2,1.4241413976997137,29,16,4,0,F M S,Leeds,4,3.5592077020555735,6.061167903244495,1.573473684489727
9738,Patson Daka,30,1164,4,4.064196912571788,4,2.733729289844632,30,17,2,0,F M S,Leicester,4,4.064196912571788,8.224425293505192,1.5247648544609547
10405,Josh Dasilva,36,1374,4,1.5916067343205214,2,2.0804033745080233,18,12,1,0,M S,Brentford,4,1.5916067343205214,6.89354763738811,3.8618766255676746
10408,Luis Díaz,17,997,4,3.5687112770974636,2,1.9563428275287151,27,13,2,0,F M S,Liverpool,4,3.5687112770974636,9.511094518005848,4.636049032211304
10716,Manor Solomon,19,536,4,1.042859235778451,0,0.32499892730265856,11,6,0,0,M S,Fulham,4,1.042859235778451,1.434320348314941,0.7428273241966963
10743,Kieffer Moore,27,1273,4,4.823006581515074,0,0.5260727815330029,23,5,1,0,F S,Bournemouth,4,4.823006581515074,5.6683560106903315,1.6416367096826434
11058,Julio Enciso,20,798,4,4.214253352954984,2,1.779839888215065,38,13,1,0,F M S,Brighton,4,4.214253352954984,8.684670090675354,2.9589081732556224
11094,Antony,25,1841,4,5.857848301529884,2,2.3707856694236398,72,28,5,0,F M S,Manchester United,4,5.857848301529884,13.837641645222902,7.11214586161077
11297,Carlos Alcaraz,18,1050,4,1.9036163073033094,2,0.8085567876696587,24,5,3,0,F M S,Southampton,4,1.9036163073033094,3.896246693097055,1.4693974861875176
755,Jamie Vardy,37,1832,3,6.644154226407409,4,1.7369483597576618,28,14,1,0,F S,Leicester,3,5.882985373958945,8.837213728576899,1.4230754468590021
757,Jeffrey Schlupp,34,2562,3,3.445598446764052,1,2.2960132341831923,28,18,7,0,D M S,Crystal Palace,3,3.445598446764052,6.818669021129608,4.326487619429827
833,Virgil van Dijk,32,2839,3,3.122492080554366,1,1.1658173147588968,30,7,3,0,D,Liverpool,3,3.122492080554366,14.182128950953484,14.01483904197812
910,Harrison Reed,37,2911,3,2.1825738195329905,4,3.5145126404240727,20,35,5,0,M S,Fulham,3,2.1825738195329905,10.140563977882266,5.457994266413152
1654,Ben Mee,37,3278,3,3.2241614628583193,1,1.680261291563511,27,7,2,0,D,Brentford,3,3.2241614628583193,6.833911487832665,4.696779150515795
2328,Thomas Partey,33,2484,3,2.229622021317482,0,1.9341314993798733,28,26,5,0,D M S,Arsenal,3,2.229622021317482,17.83293619006872,16.650026205927134
2335,Pablo Fornals,32,1507,3,1.7289359364658594,1,2.018738079816103,27,19,0,0,F M S,West Ham,3,1.7289359364658594,6.236087362281978,2.813890845514834
4456,Chris Wood,25,808,3,3.4332568161189556,0,0.36069830134510994,12,6,0,0,F S,"Newcastle United,Nottingham Forest",2,2.672087784856558,3.6325308196246624,1.0803029127418995
5613,Gabriel,38,3416,3,4.335554586723447,0,0.16631380934268236,32,5,5,0,D,Arsenal,3,4.335554586723447,13.827072959393263,13.442218709737062
5956,Youri Tielemans,31,2365,3,2.239441570825875,2,4.528865018859506,31,30,4,0,M S,Leicester,2,0.7171045774593949,14.306540120393038,11.20656917989254
6253,Gianluca Scamacca,16,940,3,2.5387633964419365,0,1.1296455087140203,30,13,3,0,F S,West Ham,3,2.5387633964419365,3.51997191645205,0.5702235978096724
6492,Reiss Nelson,11,174,3,1.8955533094704151,2,1.2082199901342392,12,8,0,0,S,Arsenal,3,1.8955533094704151,3.4097877740859985,0.669681042432785
6630,Joe Willock,35,2634,3,7.266156509518623,6,7.388796498999,58,40,1,0,M S,Newcastle United,3,7.266156509518623,17.781154207885265,5.481370575726032
6665,Curtis Jones,18,1059,3,1.2679023258388042,1,1.010046985000372,15,14,2,0,M S,Liverpool,3,1.2679023258388042,6.753665236756206,4.948233054950833
6912,Pedro Porro,15,1154,3,1.3973288014531136,3,2.5322364550083876,25,25,0,0,D M S,Tottenham,3,1.3973288014531136,5.9181207716465,2.848248900845647
7768,Mason Mount,24,1682,3,2.1364672761410475,2,3.0019248109310865,33,29,4,0,F M S,Chelsea,3,2.1364672761410475,7.29792560543865,4.2961919931694865
8845,Hee-Chan Hwang,27,1117,3,2.164069874212146,1,0.8787439614534378,18,10,1,0,F M S,Wolverhampton Wanderers,3,2.164069874212146,3.7333290316164494,0.9231963371858001
9040,Conor Gallagher,35,1590,3,2.5371697302907705,1,2.6282018795609474,28,21,9,1,M S,Chelsea,3,2.5371697302907705,8.282571202144027,3.5983629543334246
9678,Ethan Pinnock,30,2700,3,3.5859055295586586,0,0.6192105077207088,15,8,0,0,D,Brentford,3,3.5859055295586586,5.026158023625612,4.340199567377567
9680,Vitaly Janelt,35,2206,3,2.191264372318983,1,1.4620734620839357,14,16,3,0,D M S,Brentford,3,2.191264372318983,7.5696020424366,5.46771614253521
10552,Alejandro Garnacho,19,555,3,3.8779171984642744,2,1.1436776779592037,24,3,3,0,M S,Manchester United,3,3.8779171984642744,6.564013659954071,1.711940459907055
10715,João Palhinha,35,3124,3,2.6951698008924723,0,0.275451373308897,38,7,14,0,M,Fulham,3,2.6951698008924723,5.985029879026115,5.4245135728269815
10746,Jaidon Anthony,30,1204,3,1.7566156624816358,1,0.9099286124110222,21,12,2,0,D M S,Bournemouth,3,1.7566156624816358,3.6877835537306964,2.180652843788266
10750,Rasmus Kristensen,26,1964,3,0.789253355935216,1,1.2889635181054473,13,8,4,0,D M S,Leeds,3,0.789253355935216,4.219320389442146,3.0240348298102617
11317,Danilo,13,999,3,1.6606165627017617,2,0.8088494967669249,15,9,1,0,M S,Nottingham Forest,3,1.6606165627017617,2.9866478964686394,0.7929538227617741
486,Adam Lallana,16,742,2,1.1926603838801384,1,0.9687040857970715,8,14,0,0,F M S,Brighton,2,1.1926603838801384,3.4976200629025698,1.924544109031558
500,Alex Iwobi,38,3388,2,2.7482709400355816,7,6.127815451472998,42,64,2,0,F M,Everton,2,2.7482709400355816,13.531792795285583,7.712628765031695
503,Theo Walcott,20,1149,2,3.126369597390294,2,1.8109254278242588,20,15,1,0,F M S,Southampton,2,3.126369597390294,4.903730925172567,0.985082202591002
586,John Stones,23,1852,2,1.3161899587139487,2,1.4483567401766777,11,8,2,0,D M S,Manchester City,2,1.3161899587139487,11.626406718045473,11.451622042804956
643,Eric Dier,33,2815,2,1.4715977106243372,1,1.6204578075557947,17,7,4,0,D S,Tottenham,2,1.4715977106243372,11.746883509680629,11.003167567774653
660,Ben Davies,31,2295,2,0.9933742862194777,2,2.469028750434518,14,20,4,0,D S,Tottenham,2,0.9933742862194777,8.73275038599968,7.62914814800024
695,Bertrand Traoré,8,216,2,0.856813095510006,0,0.06989339739084244,9,1,1,0,M S,Aston Villa,2,0.856813095510006,1.9170579137280583,1.0958947828039527
782,Ben Chilwell,23,1418,2,1.465110638178885,2,1.9936782559379935,16,21,3,0,D S,Chelsea,2,1.465110638178885,4.494038670323789,3.5327052902430296
900,Adama Traoré,34,1452,2,1.420078607276082,1,3.1472194120287895,19,23,2,0,F M S,Wolverhampton Wanderers,2,1.420078607276082,6.109330745413899,1.6365119582042098
935,Kurt Zouma,25,1990,2,2.125173594802618,0,0.05687969923019409,19,1,0,0,D S,West Ham,2,2.125173594802618,2.5968139097094536,2.470027904957533
1376,Kalidou Koulibaly,23,1809,2,1.0540769854560494,1,0.305135702714324,11,7,5,1,D S,Chelsea,2,1.0540769854560494,7.3524027690291405,7.254468761384487
1389,Jorginho,32,2138,2,1.7956794500350952,1,0.5555977635085583,11,12,4,0,M S,"Arsenal,Chelsea",0,0.27334141731262207,11.183870004490018,10.591356659308076
1791,Trent Alexander-Arnold,37,2954,2,1.8788890931755304,9,13.222441317513585,40,71,5,0,D S,Liverpool,2,1.8788890931755304,21.868592441082,16.189754247665405
2379,João Cancelo,17,1289,2,0.5918373949825764,1,0.8360136020928621,17,12,3,1,D M S,Manchester City,2,0.5918373949825764,8.179260186851025,7.247300129383802
2496,Rodri,36,2938,2,4.119232214987278,6,4.539481725543737,50,32,5,0,D M S,Manchester City,2,4.119232214987278,26.801972568035126,23.071657463908195
4419,Adam Armstrong,30,1333,2,2.4375014984980226,1,1.730416551232338,25,11,2,0,F M S,Southampton,2,2.4375014984980226,4.704243279993534,1.2918517235666513
5555,Dominic Calvert-Lewin,17,1197,2,6.498087804764509,1,1.2365073096007109,31,9,3,0,F S,Everton,1,5.736918967217207,8.038987591862679,1.9899096544831991
5595,Daniel James,24,790,2,2.1174327954649925,1,1.5898781195282936,16,8,0,0,F M S,"Fulham,Leeds",2,2.1174327954649925,4.573668692260981,1.5260148122906685
5596,Harry Wilson,29,1087,2,1.8703890815377235,3,1.3884916454553604,18,12,1,0,M S,Fulham,2,1.8703890815377235,5.573958999477327,2.747893917374313
5735,Jean-Philippe Mateta,29,717,2,3.3088645320385695,0,0.4064396023750305,28,5,3,0,F S,Crystal Palace,2,3.3088645320385695,4.657251037657261,1.3217991441488266
6157,Timothy Castagne,37,3257,2,1.9257993642240763,3,3.172707935795188,18,21,3,0,D S,Leicester,2,1.9257993642240763,11.603145258501172,8.605382116511464
6500,Romain Perraud,29,1842,2,1.2091420125216246,2,2.2668228521943092,29,15,4,0,D M S,Southampton,2,1.2091420125216246,4.521617898717523,2.6945367883890867
6521,Yerry Mina,7,606,2,1.6610938757658005,0,0.08433612436056137,8,1,2,0,D,Everton,2,1.6610938757658005,0.7217651586979628,0.1148442979902029
6691,Dejan Kulusevski,30,2120,2,2.6102962754666805,7,5.4827206544578075,43,47,2,0,F M S,Tottenham,2,2.6102962754666805,9.842267464846373,4.0003888993524015
6817,Fred,35,1207,2,2.2472731824964285,2,2.549862952902913,26,30,6,0,M S,Manchester United,2,2.2472731824964285,12.157874770462513,8.124852128326893
6835,Tom Cairney,33,929,2,1.5491938758641481,0,1.6246961504220963,21,12,2,0,M S,Fulham,2,1.5491938758641481,5.840297954156995,3.5059372931718826
6837,Ryan Sessegnon,17,810,2,2.117515377700329,0,1.040791004896164,18,6,4,0,D S,Tottenham,2,2.117515377700329,4.331894390285015,2.0439960788935423
6888,William Saliba,27,2418,2,0.8184554874897003,1,1.120013577863574,6,6,4,0,D,Arsenal,2,0.8184554874897003,9.701152380555868,9.49210711196065
6893,Stuart Armstrong,32,1408,2,2.106476968154311,1,2.606352062895894,23,18,6,0,M S,Southampton,2,2.106476968154311,6.877064095810056,2.4147079661488533
6935,Naif Aguerd,18,1600,2,2.5115839689970016,0,0.6282200030982494,12,6,4,0,D S,West Ham,2,2.5115839689970016,1.3947869138792157,1.2775431917980313
7080,Matheus Cunha,17,978,2,1.591183171607554,0,0.8713507484644651,26,8,1,0,F S,Wolverhampton Wanderers,2,1.591183171607554,2.6735775023698807,0.6461011376231909
7298,Ben White,38,3094,2,0.9820632422342896,5,4.293553752824664,10,27,5,0,D S,Arsenal,2,0.9820632422342896,18.13298106752336,15.288546109572053
7430,Emerson,26,1733,2,1.7453065998852253,1,0.48395898938179016,17,9,2,1,D S,Tottenham,2,1.7453065998852253,7.7816263027489185,5.672533370554447
8288,Tomas Soucek,36,2839,2,3.82576912175864,3,1.9310189355164766,34,15,3,0,M S,West Ham,2,3.82576912175864,8.626211040653288,5.910706527531147
8716,Luke Ayling,29,2030,2,2.712577499449253,1,1.8191682416945696,24,12,3,0,D S,Leeds,2,2.712577499449253,7.104759126901627,4.520665276795626
8717,Pascal Struijk,29,2217,2,1.3350814320147038,1,2.1753706987947226,16,13,5,0,D S,Leeds,2,1.3350814320147038,5.012533586472273,3.33086527697742
9301,Emmanuel Dennis,19,705,2,1.5486181434243917,2,0.5363962892442942,21,7,3,0,F M S,Nottingham Forest,2,1.5486181434243917,2.086062991991639,0.9663639571517706
9501,Fabio Carvalho,13,330,2,1.1579107120633125,0,0.10462799668312073,11,1,0,0,F M S,Liverpool,2,1.1579107120633125,1.4301361963152885,0.7474121823906898
9630,Kamaldeen Sulemana,18,950,2,1.679018633440137,1,1.4270181329920888,25,14,1,0,F M S,Southampton,2,1.679018633440137,3.4539370611310005,0.6344611132517457
9739,Kiernan Dewsbury-Hall,31,2334,2,1.8549880683422089,2,3.0710923951119184,26,39,3,1,F M S,Leicester,2,1.8549880683422089,9.722595304250717,5.314303573220968
9892,Matias Viña,12,453,2,0.7529756985604763,0,0.15791365504264832,9,2,1,0,D S,Bournemouth,2,0.7529756985604763,1.6716434881091118,0.9714840985834599
9948,Michael Olise,37,2774,2,2.659285433590412,11,7.174625148996711,51,72,2,0,F M S,Crystal Palace,2,2.659285433590412,8.7775584384799,3.4045963063836098
10766,Joe Ayodele-Aribo,21,1224,2,2.054455615580082,0,0.9876715950667858,14,9,2,0,F M S,Southampton,2,2.054455615580082,3.7902291137725115,0.947960801422596
10864,Marcos Senesi,31,2508,2,2.0692426282912493,0,0.5055976919829845,8,5,7,0,D S,Bournemouth,2,2.0692426282912493,4.307535422034562,3.9094908265396953
11155,Wilfried Gnonto,24,1344,2,1.833498403429985,4,2.921407464891672,22,22,7,0,F M S,Leeds,2,1.833498403429985,5.2303190268576145,1.9364304393529892
76,Fabian Schär,36,3223,1,5.092751467600465,3,2.4296507444232702,56,19,7,0,D,Newcastle United,1,5.092751467600465,10.184462796896696,8.898998957127333
101,Allan Saint-Maximin,25,1101,1,1.6111805494874716,5,4.724137527868152,28,31,1,0,F S,Newcastle United,1,1.6111805494874716,8.289438785985112,3.2378203477710485
318,Pierre-Emerick Aubameyang,15,542,1,2.122752519324422,0,0.3434317037463188,16,4,1,0,F S,Chelsea,1,2.122752519324422,2.808082729578018,0.5031093060970306
332,Joel Matip,14,1095,1,0.6459370153024793,0,0.3237086497247219,5,4,3,0,D S,Liverpool,1,0.6459370153024793,5.542334942147136,5.465866832062602
448,Ivan Perisic,34,2107,1,3.0171149894595146,8,6.623175095766783,29,48,6,0,D F S,Tottenham,1,3.0171149894595146,9.894330563023686,6.034054983407259
488,Philippe Coutinho,20,750,1,1.3861289341002703,0,0.3858625032007694,21,8,3,0,F M S,Aston Villa,1,1.3861289341002703,2.819877240806818,1.439754718914628
510,Joel Ward,28,2251,1,1.4655719939619303,0,0.3378884494304657,7,10,6,0,D S,Crystal Palace,1,1.4655719939619303,3.9748681094497442,3.709601128473878
530,James Tomkins,6,340,1,0.7290570810437202,0,0,3,0,1,1,D S,Crystal Palace,1,0.7290570810437202,0.10638929903507233,0.06696999818086624
532,Cheikhou Kouyaté,21,871,1,0.18670253828167915,0,0.9933399967849255,6,8,3,0,D M S,Nottingham Forest,1,0.18670253828167915,2.0716649424284697,1.7446327153593302
535,Manuel Lanzini,10,230,1,0.6443301560357213,0,0.33710601925849915,3,1,0,0,M S,West Ham,1,0.6443301560357213,1.1725098555907607,0.19107365049421787
579,Nathan Aké,26,1874,1,1.3441827092319727,0,1.09055732563138,9,9,2,0,D S,Manchester City,1,1.3441827092319727,13.650609649717808,13.542976595461369
585,Seamus Coleman,23,1686,1,0.2670318866148591,0,1.4559272825717926,7,4,1,0,D S,Everton,1,0.2670318866148591,4.157558128237724,2.552595190703869
631,Ashley Young,29,2044,1,0.3949361126869917,0,0.7811885923147202,15,14,7,0,D S,Aston Villa,1,0.3949361126869917,6.350133599713445,5.5857361406087875
646,Christian Eriksen,28,2094,1,4.86724331881851,8,4.558254588395357,38,36,3,0,F M S,Manchester United,1,4.86724331881851,16.041057281196117,10.682778850197792
652,Kieran Trippier,38,3368,1,0.8719969913363457,7,13.462713163346052,14,110,5,0,D,Newcastle United,1,0.8719969913363457,17.47081391327083,14.60538318939507
753,Marc Albrighton,6,232,1,0.4420046992599964,0,0.5711894929409027,2,6,0,0,M S,Leicester,1,0.4420046992599964,2.0923749804496765,1.671343982219696
802,Diego Costa,23,1254,1,2.9844185262918472,0,0.5990131702274084,28,11,5,1,F S,Wolverhampton Wanderers,1,2.9844185262918472,3.3896298184990883,0.5007723271846771
804,Craig Dawson,25,2148,1,1.5213804170489311,0,0.10790100321173668,17,2,6,0,D,"West Ham,Wolverhampton Wanderers",1,1.5213804170489311,3.398840533569455,3.246724532917142
885,Kyle Walker-Peters,31,2659,1,0.6717622503638268,0,1.8380213044583797,12,15,4,0,D M S,Southampton,1,0.6717622503638268,7.270549733191729,5.722348512150347
966,Alex Oxlade-Chamberlain,9,338,1,1.493293778039515,0,0.7890531122684479,7,5,0,0,F S,Liverpool,1,1.493293778039515,2.451194860972464,0.5513057112693787
1006,Luke Shaw,31,2570,1,0.9740113597363234,2,3.826654343865812,14,34,8,0,D S,Manchester United,1,0.9740113597363234,12.464829174801707,10.296980248764157
1024,Tyrone Mings,35,3150,1,1.2113220421597362,2,1.1698964163661003,7,5,7,0,D,Aston Villa,1,1.2113220421597362,11.514379546046257,10.62966813147068
1234,Dennis Praet,22,609,1,0.9074058122932911,0,0.5022870898246765,5,3,1,0,M S,Leicester,1,0.9074058122932911,2.4376747999340296,1.15929308347404
1245,Emerson,22,1331,1,1.005102353170514,0,0.8198722722008824,11,13,2,0,D M S,West Ham,1,1.005102353170514,2.97873582970351,1.8349706148728728
1653,Michael Keane,12,982,1,1.3261511586606503,2,1.0489701740443707,14,3,0,0,D S,Everton,1,1.3261511586606503,1.2412088364362717,0.4877051580697298
1665,James Tarkowski,38,3420,1,3.02016625367105,1,3.46320622228086,31,15,6,0,D,Everton,1,3.02016625367105,6.181014558300376,5.973101237788796
1749,Rob Holding,14,556,1,0.37418198585510254,0,0,5,0,0,0,D S,Arsenal,1,0.37418198585510254,3.300787255167961,3.20217327773571
1785,Nampalys Mendy,19,743,1,0.0925476998090744,0,0.027258019894361496,2,2,1,0,M S,Leicester,1,0.0925476998090744,2.870108552277088,2.8029084466397762
1801,Pontus Jansson,12,724,1,0.19672489911317825,0,0,4,0,0,0,D S,Brentford,1,0.19672489911317825,1.8506297189742327,1.7343054097145796
1823,Lucas Digne,28,1494,1,0.4971364550292492,0,1.567529585212469,8,18,5,0,D S,Aston Villa,1,0.4971364550292492,4.502802707254887,3.2010582676157355
2199,Pablo Sarabia,13,788,1,2.5362928099930286,0,0.7747617959976196,20,11,3,0,F M S,Wolverhampton Wanderers,1,2.5362928099930286,3.5684401094913483,1.4430569261312485
2254,Mateo Kovacic,27,1700,1,1.3262846283614635,2,1.793226939626038,23,23,8,0,M S,Chelsea,1,1.3262846283614635,8.143409481272101,5.918664623051882
2280,Jonny,18,1257,1,0.18713400978595018,0,0.5784888137131929,9,5,3,1,D S,Wolverhampton Wanderers,1,0.18713400978595018,4.236576620489359,3.6351590380072594
2371,Cristiano Ronaldo,10,517,1,2.1407179944217205,0,0.3078578971326351,25,6,2,0,F S,Manchester United,1,2.1407179944217205,2.957992848008871,0.9433596841990948
2662,Christian Pulisic,24,779,1,1.8723955135792494,1,0.43682429753243923,18,12,1,0,D F M S,Chelsea,1,1.8723955135792494,3.675874702632427,1.6829779082909226
2958,Oleksandr Zinchenko,27,2179,1,1.1754031758755445,2,1.9584036134183407,27,19,3,0,D S,Arsenal,1,1.1754031758755445,16.560254206880927,14.842034140601754
3203,Issa Diop,25,2004,1,0.19139360263943672,0,0.5267390348017216,3,2,2,0,D S,Fulham,1,0.19139360263943672,3.169893989339471,3.1547346897423267
3293,Lucas Moura,15,117,1,0.7378932386636734,0,0.23113474994897842,4,4,0,1,S,Tottenham,1,0.7378932386636734,1.0805886834859848,0.3839656338095665
3303,Ricardo Pereira,10,450,1,0.08412889763712883,1,0.41531921178102493,2,7,2,0,D M S,Leicester,1,0.08412889763712883,1.4952941313385963,1.1759900078177452
3600,Serge Aurier,24,1958,1,0.6691436963155866,0,0.802479786798358,9,10,2,0,D S,Nottingham Forest,1,0.6691436963155866,3.0493084993213415,2.7344142459332943
3621,Neal Maupay,27,1101,1,5.434799870476127,0,0.3525178078562021,32,7,4,0,F S,Everton,1,5.434799870476127,4.559445133432746,1.5640029106289148
5086,Marc Roca,32,2375,1,2.0919028762727976,2,3.2171000884845853,34,33,7,0,M S,Leeds,1,2.0919028762727976,6.89039168599993,4.839499623514712
5136,Estupiñán,35,2707,1,2.3249325277283788,5,5.642439822666347,30,50,4,0,D S,Brighton,1,2.3249325277283788,18.086723536252975,12.671537213027477
5264,Caglar Söyüncü,7,527,1,0.3382616676390171,0,0.11619000136852264,5,1,2,0,D S,Leicester,1,0.3382616676390171,1.3646280579268932,1.3646280579268932
5560,Scott McTominay,24,1133,1,1.8013716908171773,0,1.078185809776187,13,8,8,0,M S,Manchester United,1,1.8013716908171773,6.004832318983972,3.5477124359458685
5590,Tosin Adarabioyo,25,2081,1,0.5782807385548949,0,0.2267771176993847,17,6,4,0,D S,Fulham,1,0.5782807385548949,3.6261736676096916,3.482117474079132
5602,Sam Surridge,20,275,1,1.692672897130251,0,0.051858801394701004,9,1,2,0,F S,Nottingham Forest,1,1.692672897130251,2.3841308541595936,0.7316878624260426
5682,Gonçalo Guedes,13,718,1,1.2725390158593655,1,0.5424784012138844,19,9,1,0,F M S,Wolverhampton Wanderers,1,1.2725390158593655,2.087318381294608,0.42029860336333513
5973,Kenny Tete,31,2589,1,0.7199479946866632,5,2.3401720114052296,13,23,8,0,D S,Fulham,1,0.7199479946866632,6.9487364469096065,4.787528486922383
6026,Richarlison,27,982,1,3.5169356428086758,3,1.7408953551203012,27,16,3,0,F M S,Tottenham,1,3.5169356428086758,5.353842290118337,1.5918804369866848
6048,Lewis Dunk,36,3240,1,2.0407250970602036,0,0.8655232125893235,22,9,4,0,D,Brighton,1,2.0407250970602036,14.347089774906635,14.096927545964718
6088,Orel Mangala,27,1581,1,0.37294607050716877,1,0.42471470683813095,9,3,3,0,M S,Nottingham Forest,1,0.37294607050716877,3.2880424577742815,2.5542810540646315
6104,Will Hughes,27,796,1,0.5347504764795303,1,0.7693945411592722,6,6,4,0,M S,Crystal Palace,1,0.5347504764795303,3.049637194722891,1.9806809611618519
6252,Lyanco,21,1160,1,0.7209816901013255,1,0.3901645038276911,11,4,4,0,D S,Southampton,1,0.7209816901013255,1.9288878990337253,1.6362489545717835
6314,Joachim Andersen,32,2786,1,1.8502881033346057,0,1.4228478781878948,22,12,8,0,D,Crystal Palace,1,1.8502881033346057,5.73883250541985,4.774972975254059
6485,Júnior Firpo,19,1364,1,0.14142321050167084,1,0.9512499049305916,2,8,6,1,D S,Leeds,1,0.14142321050167084,2.4669921696186066,2.0024135522544384
6674,Rayan Ait Nouri,21,1056,1,1.129896778613329,0,0.7609243048354983,10,7,4,0,D S,Wolverhampton Wanderers,1,1.129896778613329,3.1984555199742317,2.0771548449993134
6851,Conor Coady,24,2096,1,0.6148279123008251,1,0.4616532074287534,4,4,2,0,D S,Everton,1,0.6148279123008251,2.696392798796296,2.2494612988084555
6852,Matt Doherty,12,665,1,0.8726177029311657,0,0.2881163954734802,10,6,0,0,D S,Tottenham,1,0.8726177029311657,2.7494057435542345,1.9657854363322258
6894,Mohamed Elyounoussi,33,2212,1,3.06923589669168,1,1.825184103101492,36,18,4,0,F M S,Southampton,1,3.06923589669168,7.860458409413695,4.556406237185001
7007,Duje Caleta-Car,13,947,1,1.0882597099989653,0,0.04167630150914192,5,1,2,0,D S,Southampton,1,1.0882597099989653,2.0971209220588207,2.0786672607064247
7078,Sean Longstaff,33,2509,1,4.526227671653032,4,3.4510617526248097,33,23,2,0,M S,Newcastle United,1,4.526227671653032,12.269893657416105,6.193108232691884
7083,Christian Nørgaard,22,1794,1,1.347744394093752,3,3.110040994361043,19,12,6,0,M S,Brentford,1,1.347744394093752,5.920882418751717,5.308457598090172
7184,Tim Ream,33,2900,1,0.4944004062563181,0,0.07179860211908817,3,3,2,0,D,Fulham,1,0.4944004062563181,6.860465005040169,6.813478998839855
7198,Oliver Skipp,23,1510,1,0.20790889766067266,0,0.542324174195528,7,10,7,0,M S,Tottenham,1,0.20790889766067266,5.209485713392496,4.576617915183306
7240,Benoit Badiashile Mukinayi,11,901,1,1.2135351449251175,0,0.6913552954792976,6,3,2,0,D S,Chelsea,1,1.2135351449251175,3.3061133548617363,3.162499390542507
7281,Diogo Dalot,26,2164,1,2.207693471573293,2,1.9137129141017795,22,29,6,0,D S,Manchester United,1,2.207693471573293,11.690932909026742,8.903266048058867
7382,Dan Burn,38,3130,1,2.2566577959805727,0,2.0211693542078137,21,16,5,0,D S,Newcastle United,1,2.2566577959805727,11.169189976528287,10.764644430950284
7546,Harvey Elliott,32,1602,1,2.0270798355340958,2,3.9797140900045633,36,26,2,0,F M S,Liverpool,1,2.0270798355340958,14.912637444213033,10.783384276553988
7589,Wesley Fofana,17,1372,1,0.8552336050197482,0,0.03663677629083395,8,2,4,0,D S,"Chelsea,Leicester",1,0.8552336050197482,4.4630372896790504,4.026877721771598
7603,Marc Guehi,37,3330,1,1.6622220277786255,0,0.6576718036085367,14,10,8,0,D,Crystal Palace,1,1.6622220277786255,4.7370849046856165,4.268240002915263
7723,John McGinn,34,2692,1,1.9473767010495067,3,3.4085853062570095,42,18,7,0,M S,Aston Villa,1,1.9473767010495067,10.670297458767891,6.900125402957201
8066,Arnaut Danjuma Groeneveld,9,151,1,0.6234146766364574,0,0.027465900406241417,6,1,0,0,M S,Tottenham,1,0.6234146766364574,1.085426764562726,0.4620120506733656
8067,Reece James,16,1242,1,1.0140665946528316,1,3.066504817456007,16,21,4,0,D M S,Chelsea,1,1.0140665946528316,5.8419587938115,4.731684633530676
8204,Neco Williams,31,1860,1,1.469770667143166,0,1.4695117715746164,25,15,7,0,D M S,Nottingham Forest,1,1.469770667143166,4.353955543600023,2.086893640458584
8384,Armando Broja,12,266,1,0.8572464846074581,0,0.08667439967393875,6,1,0,0,F S,Chelsea,1,0.8572464846074581,0.8978355824947357,0
8582,Ellis Simms,11,200,1,1.0451708808541298,0,0.0746167004108429,8,2,0,0,F S,Everton,1,1.0451708808541298,1.2177620641887188,0.1475772000849247
8646,Wout Faes,31,2790,1,1.100052266381681,2,0.5714022628962994,13,9,4,1,D,Leicester,1,1.100052266381681,7.8726406786590815,7.729764981195331
8780,Joël Veltman,31,2215,1,1.3415516875684261,1,1.0200357679277658,14,10,6,0,D S,Brighton,1,1.3415516875684261,10.263392875902355,9.933882373385131
8816,Liam Cooper,18,1421,1,0.9520196840167046,0,0.4224689118564129,10,5,5,0,D S,Leeds,1,0.9520196840167046,3.1956543028354645,3.0356351882219315
8970,Sékou Mara,22,510,1,1.0406398912891746,2,1.068390192463994,16,6,1,0,F S,Southampton,1,1.0406398912891746,1.9898097170516849,0.3792372150346637
9453,Moisés Caicedo,37,3135,1,1.2356434240937233,1,2.643754145130515,27,43,10,0,D M S,Brighton,1,1.2356434240937233,19.323802459985018,16.51605893112719
9493,Sam Greenwood,18,373,1,0.6907202005386353,2,0.9013200886547565,12,12,1,0,M S,Leeds,1,0.6907202005386353,1.065209049731493,0.6448863409459591
9662,Dango Ouattara,19,1254,1,3.2873998740687966,3,2.4152716528624296,26,18,1,0,M S,Bournemouth,1,3.2873998740687966,6.022867782972753,2.4851646795868874
9667,Amadou Onana,33,2529,1,3.0847347732633352,2,2.063957966864109,34,22,9,0,M S,Everton,1,3.0847347732633352,8.601867258548737,5.032614782452583
10004,Romeo Lavia,29,2261,1,0.2631778074428439,0,0.5177656905725598,12,16,9,0,M S,Southampton,1,0.2631778074428439,5.658787712454796,5.1632408164441586
10012,Jakub Kiwior,7,426,1,0.09843707829713821,0,0.027377869933843613,1,1,0,0,D S,Arsenal,1,0.09843707829713821,2.2725219037383795,2.245144000276923
10293,Toti,17,973,1,0.23565197456628084,0,0.18459822237491608,5,4,6,0,D S,Wolverhampton Wanderers,1,0.23565197456628084,0.9124105321243405,0.8092133747413754
10536,Tetê,13,756,1,1.8560382332652807,0,0.3867563046514988,15,6,0,0,F M S,Leicester,1,1.8560382332652807,3.7511419784277678,1.7394799161702394
10723,Stefan Bajcetic,11,534,1,0.9587988276034594,0,0.7506909966468811,6,4,2,0,M S,Liverpool,1,0.9587988276034594,3.478168949484825,2.3341952990740538
10744,Ryan Christie,32,1857,1,2.728575311601162,1,2.0688769351691008,33,29,2,0,F M S,Bournemouth,1,2.728575311601162,7.37087413854897,4.095148157328367
10751,Brenden Aaronson,36,2415,1,3.9435534365475178,3,3.3627938982099295,41,45,2,0,F M S,Leeds,1,3.9435534365475178,11.295078083872795,5.162106515839696
10756,Joe Worrall,30,2210,1,0.9123191181570292,0,0.567169152200222,7,4,6,0,D S,Nottingham Forest,1,0.9123191181570292,4.2543785236775875,3.960568632930517
10759,Lewis O&#039;Brien,13,572,1,0.42319231294095516,0,0.17910510301589966,7,4,2,0,M S,Nottingham Forest,1,0.42319231294095516,2.5435210168361664,2.019651636481285
10802,Lisandro Martínez,27,2123,1,0.5251706019043922,0,0.22932187095284462,10,6,6,0,D S,Manchester United,1,0.5251706019043922,8.252100160345435,8.186085043475032
11000,Matheus Nunes,34,2507,1,2.3803958501666784,1,2.0282051162794232,28,27,2,0,M S,Wolverhampton Wanderers,1,2.3803958501666784,6.00101482309401,2.8060512747615576
11007,Fábio Vieira,22,468,1,0.7378775309771299,2,2.2388318199664354,15,12,0,0,M S,Arsenal,1,0.7378775309771299,5.435086041688919,3.240540122613311
11357,Noni Madueke,12,662,1,0.9803801961243153,0,0.513928035274148,12,12,0,0,F M S,Chelsea,1,0.9803801961243153,3.67895220965147,2.43224985152483
11362,Facundo Buonanotte,13,553,1,1.0888761393725872,1,0.5841287039220333,11,6,2,0,M S,Brighton,1,1.0888761393725872,2.5363862570375204,1.5511467922478914
11363,Antoine Semenyo,11,237,1,0.3684318736195564,0,0.07599039375782013,3,2,0,0,F M S,Bournemouth,1,0.3684318736195564,1.224020279943943,0.7795986160635948
11384,João Gomes,11,650,1,0.20527732465416193,0,0.12254814058542252,4,5,5,0,M S,Wolverhampton Wanderers,1,0.20527732465416193,1.6348600052297115,1.3494900930672884
181,Bernd Leno,36,3240,0,0,0,0.03081269934773445,0,1,3,0,GK,Fulham,0,0,2.495602583512664,2.464789582416415
229,Thiago Alcántara,18,1258,0,0.39727576170116663,0,1.4019673261791468,10,17,2,0,M S,Liverpool,0,0.39727576170116663,8.877402268350124,7.261743916198611
458,Steve Cook,12,958,0,0.16384859755635262,0,0.7961927652359009,3,3,4,0,D S,Nottingham Forest,0,0.16384859755635262,0.6675907094031572,0.6675907094031572
461,Matt Ritchie,7,25,0,0,0,0.0817376971244812,0,1,0,0,S,Newcastle United,0,0,0.12443900108337402,0.12443900108337402
463,Junior Stanislas,4,52,0,0.0267488993704319,0,0.08464120328426361,1,2,0,0,S,Bournemouth,0,0.0267488993704319,0.2599279023706913,0.21947290375828743
473,Danny Ward,26,2340,0,0,0,0,0,0,0,0,GK,Leicester,0,0,2.5759871751070023,2.5759871751070023
489,James Milner,31,841,0,0.38700058683753014,1,1.6215140726417303,7,14,2,0,D M S,Liverpool,0,0.38700058683753014,5.001216296106577,3.9429658446460962
496,Mohamed Elneny,5,107,0,0,0,0,0,0,0,0,M S,Arsenal,0,0,0.6661199927330017,0.6661199927330017
508,Calum Chambers,14,318,0,0.09931349195539951,0,0.37789756804704666,2,2,2,0,D S,Aston Villa,0,0.09931349195539951,0.9255801159888506,0.5184373408555984
509,Wayne Hennessey,4,271,0,0,0,0,0,0,0,0,GK S,Nottingham Forest,0,0,0.06834100186824799,0.06834100186824799
528,Angelo Ogbonna,16,1235,0,0.20921169593930244,0,0.48939493857324123,3,3,0,0,D S,West Ham,0,0.20921169593930244,1.701007179915905,1.1259163338690996
534,Aaron Cresswell,28,2231,0,0.41903596371412277,1,3.1738543678075075,9,40,3,0,D S,West Ham,0,0.41903596371412277,6.406579466536641,5.813743421807885
546,David de Gea,38,3420,0,0,0,0.018550200387835503,0,1,0,0,GK,Manchester United,0,0,6.570318281650543,6.551768273115158
558,Jesse Lingard,17,937,0,0.6977619081735611,0,0.43122308887541294,10,11,1,0,F M S,Nottingham Forest,0,0.6977619081735611,2.0684521049261093,1.2953029051423073
561,Joe Rothwell,20,1028,0,0.14882860332727432,1,1.1982360780239105,3,8,1,0,M S,Bournemouth,0,0.14882860332727432,2.3981422232463956,2.1275645093992352
584,Joel Robles,4,360,0,0,0,0,0,0,1,0,GK,Leeds,0,0,0.04860883392393589,0.04860883392393589
603,Nathaniel Clyne,22,1644,0,0,0,0.7021582964807749,0,7,3,0,D S,Crystal Palace,0,0,2.4122991962358356,2.209689692594111
605,Jordan Henderson,35,2084,0,0.8594531016424298,2,3.5926097091287374,23,31,2,0,M S,Liverpool,0,0.8594531016424298,13.003664009273052,10.28102646395564
633,James McArthur,4,42,0,0,0,0,0,0,0,0,S,Crystal Palace,0,0,0.061272621154785156,0.061272621154785156
635,Alex McCarthy,6,540,0,0,0,0,0,0,0,0,GK,Southampton,0,0,0.10223675705492496,0.10223675705492496
637,Hugo Lloris,25,2208,0,0,0,0,0,0,0,0,GK,Tottenham,0,0,4.2372625302523375,4.2372625302523375
638,Kyle Walker,27,1957,0,0.3253306970000267,0,0.2089456282556057,5,6,3,0,D M S,Manchester City,0,0.3253306970000267,12.982849795371294,12.794002283364534
645,Dele Alli,2,26,0,0,0,0,0,0,0,0,S,Everton,0,0,0,0
661,Josh Onomah,2,11,0,0,0,0,0,0,0,0,S,Fulham,0,0,0,0
668,Idrissa Gueye,33,2638,0,0.5034467745572329,1,0.9359579710289836,15,12,7,0,M S,Everton,0,0.5034467745572329,7.161216028034687,5.986805498600006
681,César Azpilicueta,25,1511,0,0.3268246091902256,0,1.4374469444155693,9,13,3,0,D M S,Chelsea,0,0.3268246091902256,6.943540018051863,6.189002115279436
688,Ruben Loftus-Cheek,25,1550,0,0.856397295370698,1,1.7559158895164728,9,15,1,0,D M S,Chelsea,0,0.856397295370698,6.833013786934316,4.327356296591461
694,Asmir Begovic,1,90,0,0,0,0,0,0,0,0,GK,Everton,0,0,0,0
706,Lukasz Fabianski,36,3115,0,0,0,0,0,0,1,0,GK,West Ham,0,0,1.1410813555121422,1.1410813555121422
713,André Ayew,13,286,0,0.9884005077183247,0,0.03319670632481575,4,1,1,0,F S,Nottingham Forest,0,0.2272314913570881,1.1744301989674568,0.914002001285553
741,Jordan Pickford,37,3330,0,0,1,0.31264179944992065,0,2,5,0,GK,Everton,0,0,2.1473599188029766,2.0791591219604015
751,N&#039;Golo Kanté,7,526,0,0.308291532099247,1,2.0793348141014576,8,13,1,0,M S,Chelsea,0,0.308291532099247,4.500326216220856,2.9872678965330124
759,Daniel Amartey,20,1615,0,1.0540159121155739,0,0.4650263823568821,6,5,1,0,D S,Leicester,0,1.0540159121155739,3.9915253091603518,3.8186524361371994
766,Jamaal Lascelles,7,200,0,0.12024039402604103,0,0,2,0,2,0,D S,Newcastle United,0,0.12024039402604103,0.3834709972143173,0.3834709972143173
767,Jack Colback,11,480,0,0,0,0.28224780410528183,0,2,0,0,M S,Nottingham Forest,0,0,0.5764240063726902,0.31810400262475014
769,Jonjo Shelvey,11,565,0,0.1604539966210723,0,0.34915199130773544,6,6,1,0,M S,"Newcastle United,Nottingham Forest",0,0.1604539966210723,0.9701165091246367,0.8328676056116819
770,Ayoze Pérez,8,373,0,0.8422358185052872,1,1.504247609525919,8,11,0,0,M S,Leicester,0,0.8422358185052872,2.6127997040748596,0.4408004991710186
790,Nathan Redmond,1,1,0,0,0,0,0,0,0,0,S,Southampton,0,0,0,0
807,Jonny Evans,13,1057,0,0.08432190120220184,0,0.0927421972155571,1,1,1,0,D S,Leicester,0,0.08432190120220184,3.3804026413708925,3.2876606453210115
813,Salomón Rondón,7,96,0,0.7647659070789814,0,0.12652180343866348,4,2,0,0,F S,Everton,0,0.7647659070789814,0.9441559053957462,0.05286809988319874
825,Adam Smith,37,2957,0,0.9768042117357254,1,1.4084933251142502,5,16,11,0,D M S,Bournemouth,0,0.9768042117357254,4.09709825925529,3.0260829851031303
831,Fraser Forster,14,1212,0,0,0,0,0,0,1,0,GK S,Tottenham,0,0,1.6163463462144136,1.6163463462144136
842,Oriol Romeu,1,77,0,0,0,0,0,0,0,0,M,Southampton,0,0,0,0
847,Cédric Soares,8,213,0,0.0555640272796154,0,0.13160278275609016,2,2,0,0,D S,"Arsenal,Fulham",0,0.0555640272796154,0.42447705566883087,0.36585625261068344
884,Matt Targett,17,575,0,0.02525929920375347,0,0.3976358901709318,1,10,1,0,D S,Newcastle United,0,0.02525929920375347,1.6489808280020952,1.5293232388794422
978,Sam Johnstone,9,810,0,0,0,0,0,0,1,0,GK,Crystal Palace,0,0,0.26689063757658005,0.26689063757658005
983,Kevin Mbabu,6,138,0,0,1,0.5595380067825317,0,2,1,0,D S,Fulham,0,0,0.665716927498579,0.1061783991754055
985,Mason Holgate,8,505,0,0.9284062683582306,0,0.3237291630357504,4,6,1,1,D S,Everton,0,0.9284062683582306,1.3223813269287348,1.0586145222187042
987,Joseph Gomez,21,1443,0,0.12023621238768101,0,0.04271490126848221,7,1,3,0,D S,Liverpool,0,0.12023621238768101,6.305879516527057,6.20889599993825
1042,Tom Davies,19,500,0,1.3129857713356614,0,0.1336751990020275,9,2,3,0,M S,Everton,0,1.3129857713356614,1.9132792633026838,0.6038602907210588
1078,Sergi Canos,5,55,0,0.05990799888968468,0,0.017622999846935272,1,1,0,0,S,Brentford,0,0.05990799888968468,0.07753099873661995,0
1257,Alisson,37,3330,0,0,1,0.16862599551677704,0,1,1,0,GK,Liverpool,0,0,9.289638353511691,9.121012343093753
1297,Neto,27,2390,0,0,0,0,0,0,4,0,GK,Bournemouth,0,0,1.7215663269162178,1.7215663269162178
1299,Mario Lemina,19,1325,0,0.2064824542030692,1,0.1570493020117283,9,3,2,1,M S,Wolverhampton Wanderers,0,0.2064824542030692,1.87073758803308,1.6012452561408281
1488,Remo Freuler,28,2178,0,0.3386984970420599,0,0.4867018014192581,8,12,5,0,M S,Nottingham Forest,0,0.3386984970420599,4.259000528603792,3.825942753814161
1537,Sasa Lukic,12,401,0,0.10668987594544888,0,0,5,0,1,0,M S,Fulham,0,0.10668987594544888,0.8068001493811607,0.7697242796421051
1545,Emil Krafth,1,1,0,0,0,0,0,0,0,0,S,Newcastle United,0,0,0,0
1677,Nathaniel Chalobah,4,10,0,0.08553469926118851,0,0,1,0,0,1,M S,Fulham,0,0.08553469926118851,0,0
1683,Ryan Fraser,8,309,0,0.3093165084719658,0,0.35542329400777817,6,5,1,0,F S,Newcastle United,0,0.3093165084719658,0.5467102974653244,0.19543549790978432
1687,Harry Maguire,16,750,0,0.1488308310508728,0,0.38123219832777977,3,2,4,0,D S,Manchester United,0,0.1488308310508728,3.6848116889595985,3.6848116889595985
1688,Andrew Robertson,34,2609,0,1.0899251960217953,8,6.820856744423509,13,52,3,0,D S,Liverpool,0,1.0899251960217953,13.145072411745787,10.343505259603262
1711,Adam Forshaw,12,470,0,0.01066362950950861,0,0.4425672311335802,1,8,0,0,M S,Leeds,0,0.01066362950950861,0.4591790921986103,0.44851546362042427
1719,Javier Manquillo,4,25,0,0,0,0,0,0,0,0,S,Newcastle United,0,0,0.11977600306272507,0.11977600306272507
1735,Jack Stephens,17,1215,0,0.22259140014648438,0,0.25881170853972435,2,3,3,0,D S,"Bournemouth,Southampton",0,0.22259140014648438,1.8634248562157154,1.6748883500695229
1750,Ainsley Maitland-Niles,22,1395,0,0.013740300200879574,0,0.48331243358552456,1,10,3,0,D M S,Southampton,0,0.013740300200879574,3.216860962100327,3.123183621093631
1789,Lewis Cook,28,1694,0,0.183636961504817,2,2.3000271562486887,6,23,4,0,M S,Bournemouth,0,0.183636961504817,4.647211663424969,3.693267986178398
2163,Diego Llorente,8,646,0,0.301153801381588,0,0,6,0,1,0,D S,Leeds,0,0.301153801381588,0.9053538031876087,0.9053538031876087
2190,Vicente Guaita,27,2430,0,0,0,0,0,0,1,0,GK,Crystal Palace,0,0,1.4098752001300454,1.4098752001300454
2243,Keylor Navas,17,1530,0,0,0,0,0,0,2,0,GK,Nottingham Forest,0,0,1.1775650382041931,1.1775650382041931
2245,Raphael Varane,24,1918,0,0.911432646214962,0,0.14311769977211952,8,4,1,0,D S,Manchester United,0,0.911432646214962,6.672149233520031,6.56157923489809
2310,Alphonse Areola,5,305,0,0,0,0,0,0,0,0,GK S,West Ham,0,0,0.16457169316709042,0.16457169316709042
2498,Aymeric Laporte,12,993,0,0.7524237418547273,0,0.212882986292243,10,6,0,0,D S,Manchester City,0,0.7524237418547273,3.6240071300417185,3.525606259703636
2674,Thilo Kehrer,27,2228,0,0.654550208710134,2,0.7119171218946576,8,8,4,0,D S,West Ham,0,0.654550208710134,4.627194926142693,4.0061189122498035
3278,Maxwel Cornet,14,216,0,1.092479458078742,0,0.09420459717512131,9,1,0,0,M S,West Ham,0,1.092479458078742,1.4774199482053518,0.29073550179600716
3288,Thiago Silva,27,2352,0,1.4437993383035064,2,0.573215376585722,15,5,2,0,D S,Chelsea,0,1.4437993383035064,6.4073407761752605,5.8827359434217215
3298,Layvin Kurzawa,3,138,0,0,0,0,0,0,1,0,D S,Fulham,0,0,0,0
3420,Fabinho,36,2691,0,0.6533067272976041,2,2.687867143191397,18,17,11,0,M S,Liverpool,0,0.6533067272976041,15.346531419083476,13.409233009442687
3422,João Moutinho,31,1778,0,0.9379508132115006,2,2.346919506788254,16,36,3,0,M S,Wolverhampton Wanderers,0,0.9379508132115006,4.733368762768805,3.6467056507244706
3696,Morgan Sanson,2,2,0,0,0,0,0,0,0,0,S,Aston Villa,0,0,0,0
4105,Raúl Jiménez,15,842,0,2.711337735876441,1,1.5050795823335648,20,9,0,0,F S,Wolverhampton Wanderers,0,2.711337735876441,4.212750431150198,1.0135074984282255
4120,Álex Moreno,19,1346,0,0.6219645887613297,3,2.47616658359766,13,21,3,0,D S,Aston Villa,0,0.6219645887613297,6.160197624005377,4.4751421278342605
4381,Mateusz Klich,14,224,0,0.1730077974498272,0,0.28865519911050797,4,5,2,0,S,Leeds,0,0.1730077974498272,1.2394929844886065,0.9285477884113789
4401,Emiliano Martinez,36,3143,0,0,0,0.1398649960756302,0,2,7,0,GK,Aston Villa,0,0,5.826399106532335,5.68653410859406
5050,Clement Lenglet,26,2039,0,0.960752010345459,2,0.7074382677674294,13,6,3,0,D S,Tottenham,0,0.960752010345459,8.319994319230318,8.151936292648315
5061,Kepa,29,2567,0,0,0,0,0,0,1,0,GK,Chelsea,0,0,4.026800500229001,4.026800500229001
5247,Naby Keita,8,290,0,0.43185498751699924,0,0.7309129983186722,10,8,1,0,M S,Liverpool,0,0.43185498751699924,1.4848380237817764,0.37378280609846115
5248,Marcel Sabitzer,11,635,0,0.6979504860937595,1,1.3641165122389793,11,10,1,0,M S,Manchester United,0,0.6979504860937595,4.193243402987719,3.0633304938673973
5360,Weston McKennie,19,1450,0,0.590064475312829,1,0.7054706662893295,13,13,7,0,M S,Leeds,0,0.590064475312829,2.814117079600692,1.9933308139443398
5545,Wilfred Ndidi,27,1691,0,0.15156159829348326,0,0.05307970102876425,7,3,4,0,D M S,Leicester,0,0.15156159829348326,2.460558785125613,2.331264717504382
5549,Luka Milivojevic,18,489,0,0.24163503013551235,0,0.15134879760444164,7,2,2,0,M S,Crystal Palace,0,0.24163503013551235,0.9400026239454746,0.7964588776230812
5552,Nick Pope,37,3261,0,0,0,0.017421899363398552,0,1,3,1,GK,Newcastle United,0,0,6.256090926006436,6.238660858944058
5584,Aaron Wan-Bissaka,19,1436,0,1.1713167987763882,0,1.153474660590291,10,15,2,0,D S,Manchester United,0,1.1713167987763882,7.755331262946129,6.90122390165925
5603,Aaron Ramsdale,38,3420,0,0,0,0,0,0,1,0,GK,Arsenal,0,0,5.103533525019884,5.103533525019884
5609,Yves Bissouma,23,988,0,0.1294596353545785,0,0.4400514382869005,6,8,6,0,M S,Tottenham,0,0.1294596353545785,4.439508566632867,4.140980340540409
5646,Cafú,1,3,0,0,0,0,0,0,0,0,S,Nottingham Forest,0,0,0,0
5712,Diego Carlos,3,203,0,0.7391797844320536,0,0.0345584973692894,4,1,0,0,D S,Aston Villa,0,0.7391797844320536,0.3409037049859762,0.3233499052003026
5789,Boubacar Kamara,24,1790,0,0.08354028034955263,1,0.6932991156354547,4,7,4,0,M S,Aston Villa,0,0.08354028034955263,4.049316678196192,3.7586113028228283
5989,Moussa Niakhate,14,1170,0,1.2535991268232465,0,0.06972300261259079,6,1,1,0,D,Nottingham Forest,0,1.2535991268232465,1.220473725348711,1.220473725348711
6027,Jairo Riedewald,6,50,0,0.053897131234407425,0,0,1,0,0,0,S,Crystal Palace,0,0.053897131234407425,0.05494070053100586,0.05494070053100586
6030,Zanka,18,1082,0,0.4019469805061817,0,0.23938238620758057,5,3,2,0,D S,Brentford,0,0.4019469805061817,2.812157953158021,2.583403604105115
6042,Jan Bednarek,23,1772,0,0.34422395937144756,0,0.14729679748415947,8,3,5,0,D S,"Aston Villa,Southampton",0,0.34422395937144756,1.4835356585681438,1.4707852583378553
6047,Shane Duffy,5,16,0,0.022374259307980537,0,0,1,0,0,0,S,Fulham,0,0.022374259307980537,0,0
6054,Ederson,35,3150,0,0,1,0.28556498885154724,0,1,3,0,GK,Manchester City,0,0,10.671811463311315,10.671811463311315
6080,Victor Lindelöf,20,1350,0,0.23235159739851952,0,0.08466855436563492,3,3,1,0,D S,Manchester United,0,0.23235159739851952,7.236471671611071,7.146713148802519
6083,Ludwig Augustinsson,3,74,0,0.07303450256586075,0,0,2,0,1,0,D S,Aston Villa,0,0.07303450256586075,0.08046679943799973,0.026183299720287323
6147,Denis Zakaria,7,417,0,0.2399110049009323,0,0.02119790017604828,2,1,0,0,M S,Chelsea,0,0.2399110049009323,1.3150789849460125,1.053971078246832
6163,Nélson Semedo,36,2646,0,0.7855268660932779,1,0.6530346218496561,9,11,11,1,D S,Wolverhampton Wanderers,0,0.7855268660932779,3.586114762350917,2.2665692791342735
6249,Davinson Sánchez,18,845,0,0.30423328187316656,0,0.1408364623785019,6,2,1,0,D S,Tottenham,0,0.30423328187316656,2.7923527229577303,2.643001276999712
6273,Robin Koch,36,3186,0,1.059426173567772,0,0.27208547480404377,17,6,7,0,D M,Leeds,0,1.059426173567772,4.464030422270298,3.8801174629479647
6310,Boubakary Soumare,26,1640,0,0.02065729908645153,0,0.28542756475508213,1,11,9,0,M S,Leicester,0,0.02065729908645153,3.210264626890421,3.0059440191835165
6326,Ibrahima Konaté,18,1545,0,1.5610232884064317,0,0.26672855019569397,11,1,5,0,D S,Liverpool,0,1.5610232884064317,4.783836133778095,4.113892234861851
6329,Harry Souttar,12,991,0,1.3052809908986092,1,0.15115449950098991,8,3,2,0,D S,Leicester,0,1.3052809908986092,2.2866605035960674,2.0949734933674335
6382,Pedro Neto,18,993,0,1.1067704604938626,0,2.707404026761651,17,20,1,0,D F M S,Wolverhampton Wanderers,0,1.1067704604938626,4.8898930717259645,2.710134506225586
6424,Ben Johnson,17,845,0,0.08382507413625717,0,0.23682799190282822,2,3,0,0,D S,West Ham,0,0.08382507413625717,2.518942840397358,2.1982886735349894
6490,Manuel Akanji,29,2272,0,1.069366091862321,1,0.28084417432546616,15,7,2,0,D S,Manchester City,0,1.069366091862321,12.94707053154707,12.824845530092716
6532,Martin Dubravka,2,157,0,0,0,0,0,0,0,0,GK S,Newcastle United,0,0,0.6429070234298706,0.6429070234298706
6615,Trevoh Chalobah,25,1598,0,0.7949223592877388,0,0.1997714750468731,9,4,4,0,D S,Chelsea,0,0.7949223592877388,7.1020578518509865,7.018729008734226
6656,Sergio Gómez,12,326,0,0.3138598967343569,1,0.4458680246025324,7,5,0,0,M S,Manchester City,0,0.3138598967343569,2.0659322142601013,1.6488532945513725
6736,Ibrahima Diallo,18,821,0,0.1378516973927617,0,0.10385100170969963,6,4,4,0,M S,Southampton,0,0.1378516973927617,1.5289212055504322,1.3642751909792423
6820,David Brooks,6,166,0,0.2445639120414853,0,0.1819901317358017,5,2,1,0,M S,Bournemouth,0,0.2445639120414853,0.5240764729678631,0.21339266747236252
6840,Neeskens Kebano,17,770,0,0.7552167885005474,3,1.5724477292969823,9,13,0,0,M S,Fulham,0,0.7552167885005474,2.504967577755451,0.7153982073068619
6850,Willy Boly,11,687,0,0.06999018229544163,1,0.117637999355793,2,1,2,0,D S,Nottingham Forest,0,0.06999018229544163,0.6365548893809319,0.6365548893809319
6856,Rúben Vinagre,2,13,0,0,0,0,0,0,0,0,S,Everton,0,0,0,0
6880,Edouard Mendy,10,853,0,0,0,0,0,0,1,0,GK S,Chelsea,0,0,1.1355492491275072,1.1355492491275072
6891,Ryan Fredericks,12,524,0,0,0,0.09908570349216461,0,1,1,0,D S,Bournemouth,0,0,0.6325642876327038,0.5334782861173153
6923,Mohammed Salisu,22,1973,0,1.6058198306709528,1,0.6115739094093442,19,7,5,0,D S,Southampton,0,1.6058198306709528,5.882307862862945,5.379752596840262
6937,Georginio Rutter,11,238,0,0.24945097789168358,1,0.4192553162574768,4,5,0,0,F S,Leeds,0,0.24945097789168358,0.477778896689415,0
6962,Robin Olsen,4,277,0,0,0,0,0,0,0,0,GK S,Aston Villa,0,0,0.029771799221634865,0.029771799221634865
6986,Hamed Junior Traore,7,435,0,0.7354794796556234,0,0.8439797200262547,6,14,0,0,M S,Bournemouth,0,0.7354794796556234,2.7735368348658085,1.6735216323286295
7052,Wout Weghorst,17,798,0,2.2213404029607773,1,1.1286072386428714,14,14,1,0,F M S,Manchester United,0,2.2213404029607773,4.879476927220821,2.340124439448118
7069,Saman Ghoddos,15,93,0,0.05549100041389465,0,0.2644379809498787,1,4,0,0,S,Brentford,0,0.05549100041389465,0.963206484913826,0.9295362625271082
7134,Marc Cucurella,24,1682,0,0.3548601996153593,2,1.018142694607377,7,11,4,0,D M S,Chelsea,0,0.3548601996153593,7.76440688315779,7.2557747745886445
7218,Cristian Romero,27,2367,0,0.859663300216198,1,0.888403657823801,11,8,9,1,D S,Tottenham,0,0.859663300216198,11.60316402465105,11.202729418873787
7230,Emile Smith-Rowe,12,132,0,0.3294837065041065,2,1.042964968830347,4,6,0,0,S,Arsenal,0,0.3294837065041065,0.7678957134485245,0.1702418066561222
7235,Jason Steele,15,1350,0,0,1,0.18881599605083466,0,1,1,0,GK,Brighton,0,0,2.5362304002046585,2.347414404153824
7236,Leander Dendoncker,24,888,0,0.5861904192715883,0,0.6650882922112942,5,7,0,0,M S,"Aston Villa,Wolverhampton Wanderers",0,0.5861904192715883,3.378464750945568,2.797117682173848
7239,Conor Coventry,1,1,0,0,0,0,0,0,0,0,S,West Ham,0,0,0,0
7280,Yan Valery,1,48,0,0,0,0,0,0,0,0,D,Southampton,0,0,0,0
7282,Giulian Biancone,2,13,0,0,0,0,0,0,0,0,S,Nottingham Forest,0,0,0.06861740350723267,0.06861740350723267
7332,Max Kilman,37,3310,0,1.4871823685243726,0,0.19233915768563747,14,4,3,0,D,Wolverhampton Wanderers,0,1.4871823685243726,5.1283416245132685,4.97854402475059
7338,Bryan Gil Salvatierra,4,148,0,0.07246559858322144,1,0.2734795957803726,2,2,1,0,F M S,Tottenham,0,0.07246559858322144,0.9004369974136353,0.5544919967651367
7352,Tyler Adams,24,2159,0,0.0683434996753931,0,1.370405713096261,4,24,4,1,M,Leeds,0,0.0683434996753931,6.9535529762506485,5.69552486948669
7366,Maximilian Wöber,16,1263,0,0.464545956812799,0,0.742159578949213,9,6,3,0,D S,Leeds,0,0.464545956812799,2.0196083020418882,1.4275220111012459
7384,Chris Mepham,26,2197,0,0.5010207425802946,0,0.2000297037884593,8,4,7,0,D S,Bournemouth,0,0.5010207425802946,1.9172365125268698,1.744029906578362
7438,James Garner,16,777,0,0.8283093441277742,1,0.4450816921889782,9,7,3,0,D M S,Everton,0,0.8283093441277742,1.719324741512537,0.9061288554221392
7582,Mark Travers,12,1030,0,0,0,0,0,0,0,0,GK S,Bournemouth,0,0,0.7557743489742279,0.7557743489742279
7689,Ben Godfrey,13,799,0,0.7159480974078178,1,0.14869730174541473,6,3,2,0,D S,Everton,0,0.7159480974078178,0.38376419991254807,0.12421739473938942
7691,Jamal Lewis,2,4,0,0,0,0,0,0,0,0,S,Newcastle United,0,0,0,0
7699,Adam Webster,27,2000,0,1.5340027026832104,0,0.5189482178539038,18,6,2,0,D S,Brighton,0,1.5340027026832104,9.7150968182832,9.189998405054212
7701,Moussa Djenepo,16,695,0,0.24337779730558395,2,0.5622396729886532,3,9,1,0,D M S,Southampton,0,0.24337779730558395,1.891867060214281,1.2555831149220467
7702,Dean Henderson,18,1620,0,0,0,0,0,0,2,0,GK,Nottingham Forest,0,0,1.2316672131419182,1.2316672131419182
7726,Ezri Konsa Ngoyo,38,3325,0,0.8061013985425234,0,1.4513042895123363,8,8,6,0,D S,Aston Villa,0,0.8061013985425234,10.920923325233161,10.34645892959088
7753,James Justin,14,1257,0,0.14484700188040733,0,0.30565660260617733,5,7,0,0,D,Leicester,0,0.14484700188040733,3.2727428637444973,2.8895581662654877
7823,Jack Stacey,10,288,0,0.046877000480890274,0,0,1,0,2,0,D S,Bournemouth,0,0.046877000480890274,0.19376499950885773,0.14688799902796745
7891,Renan Lodi,28,2236,0,0.751506220549345,1,1.318730404600501,15,13,7,0,D M S,Nottingham Forest,0,0.751506220549345,2.764841167256236,1.8108528461307287
7904,Caoimhin Kelleher,1,90,0,0,0,0,0,0,0,0,GK,Liverpool,0,0,0,0
7921,Felipe,16,1427,0,1.246483264490962,1,1.5024280175566673,13,7,4,0,D S,Nottingham Forest,0,1.246483264490962,2.322425527498126,2.1818392034620047
7931,Takehiro Tomiyasu,21,632,0,0.14463460259139538,1,0.6008766107261181,3,4,2,0,D S,Arsenal,0,0.14463460259139538,2.2925584986805916,2.1198897063732147
7988,Billy Gilmour,14,515,0,0.36443206667900085,1,0.36179889738559723,6,2,1,0,M S,Brighton,0,0.36443206667900085,4.023554973304272,3.3371060229837894
8089,Kieran Tierney,27,733,0,0.30384697299450636,1,0.2897520996630192,7,4,0,0,D S,Arsenal,0,0.30384697299450636,3.4041721131652594,2.8529709093272686
8090,Lloyd Kelly,23,2044,0,0.1227391017600894,2,0.3940800903365016,3,7,3,0,D,Bournemouth,0,0.1227391017600894,2.421963883563876,2.336171578615904
8119,Boubacar Traore,10,399,0,0.04580090008676052,1,0.33299198746681213,3,1,2,0,M S,Wolverhampton Wanderers,0,0.04580090008676052,1.037588693201542,0.6710336841642857
8214,Tyrick Mitchell,36,2903,0,0.8962186202406883,2,1.5452212002128363,6,15,5,1,D S,Crystal Palace,0,0.8962186202406883,8.260199623182416,6.364653391763568
8222,Japhet Tanganga,4,153,0,0,0,0,0,0,0,0,D S,Tottenham,0,0,0.058575499802827835,0.058575499802827835
8226,Tariq Lamptey,20,414,0,0.20849550142884254,0,0.19618329592049122,5,4,1,0,D S,Brighton,0,0.20849550142884254,2.6817909218370914,2.4700611047446728
8228,Nathaniel Phillips,2,67,0,0.03138919919729233,0,0,1,0,0,0,D S,Liverpool,0,0.03138919919729233,0.38563498854637146,0.38563498854637146
8430,Chris Richards,9,432,0,0.6922851279377937,0,0.45222198963165283,4,1,0,0,D S,Crystal Palace,0,0.6922851279377937,0.3347281888127327,0.3347281888127327
8458,Harvey White,1,3,0,0,0,0,0,0,0,0,S,Tottenham,0,0,0,0
8497,Cole Palmer,14,336,0,0.913382014259696,1,0.6336369244381785,11,5,1,0,F M S,Manchester City,0,0.913382014259696,2.081893088296056,0.8175896219909191
8562,Luke Thomas,17,1064,0,0.08259913139045238,0,0.5999135356396437,3,4,3,0,D S,Leicester,0,0.08259913139045238,3.165864273905754,2.7837561294436455
8635,Sven Botman,36,3141,0,2.445929459296167,0,0.9378497563302517,22,9,2,0,D S,Newcastle United,0,2.445929459296167,6.934289989992976,6.85584563575685
8666,Cheick Oumar Doucoure,34,2825,0,0.9975933516398072,3,2.030144080519676,36,26,8,1,M,Crystal Palace,0,0.9975933516398072,8.899869498796761,7.7755043944343925
8704,Marek Rodák,2,180,0,0,0,0,0,0,0,0,GK,Fulham,0,0,0,0
8715,Illan Meslier,34,3060,0,0.05718810111284256,0,0,1,0,3,0,GK,Leeds,0,0.05718810111284256,1.4994192942976952,1.4994192942976952
8719,Kalvin Phillips,12,275,0,0.24449077621102333,0,0.13638579100370407,6,3,1,0,M S,Manchester City,0,0.24449077621102333,1.3482624273747206,1.1162777580320835
8786,Stefan Ortega Moreno,3,270,0,0,0,0,0,0,0,0,GK,Manchester City,0,0,0.42193374037742615,0.42193374037742615
8812,Sasa Kalajdzic,1,48,0,0.5194780230522156,0,0,1,0,0,0,F,Wolverhampton Wanderers,0,0.5194780230522156,0,0
8821,Donny van de Beek,7,157,0,0.08036869764328003,0,0.12883769907057285,2,3,0,0,M S,Manchester United,0,0.08036869764328003,1.0236492864787579,0.8748480901122093
8852,Konstantinos Tsimikas,20,754,0,0.6083908993750811,4,1.3976509422063828,7,18,3,0,D S,Liverpool,0,0.6083908993750811,3.3795336531475186,2.681559449993074
8859,Mikkel Damsgaard,26,963,0,2.660358265042305,0,1.7436131360009313,12,11,4,0,F M S,Brentford,0,2.660358265042305,5.63767113443464,2.2835514806210995
8864,Matthew Cash,26,1822,0,0.16667070053517818,1,0.46759939566254616,7,8,4,0,D M S,Aston Villa,0,0.16667070053517818,5.986693885177374,5.530507996678352
8940,Antonee Robinson,35,3088,0,0.05792669951915741,1,1.0235916152596474,3,21,8,0,D,Fulham,0,0.05792669951915741,8.392814400605857,7.63532301876694
8942,Aaron Hickey,26,1958,0,0.3167129307985306,1,0.6221226900815964,11,6,7,0,D S,Brentford,0,0.3167129307985306,2.5498968306928873,2.0008020736277103
8961,Rúben Dias,26,2006,0,1.9355910001322627,0,0.3942475691437721,10,3,3,0,D S,Manchester City,0,1.9355910001322627,12.852464072406292,12.49297409504652
8965,Vladimir Coufal,27,2148,0,0.1806397484615445,1,2.275553598999977,6,25,5,0,D S,West Ham,0,0.1806397484615445,4.774060698226094,3.4378814958035946
8992,Hakim Ziyech,18,630,0,0.5913859363645315,3,2.5491114612668753,16,14,1,0,D F M S,Chelsea,0,0.5913859363645315,3.1017296006903052,1.5464539704844356
9021,Pape Sarr,11,200,0,0.05625629983842373,1,0.5660416968166828,2,2,1,0,M S,Tottenham,0,0.05625629983842373,1.8612066991627216,1.2539500053972006
9098,Robert Sánchez,23,2070,0,0,0,0,0,0,2,0,GK,Brighton,0,0,2.587134573608637,2.587134573608637
9154,Elliot Anderson,22,353,0,1.1292364411056042,1,1.5604944918304682,11,9,0,0,M S,Newcastle United,0,1.1292364411056042,3.589391114190221,1.5997926257550716
9156,Kevin Schade,18,720,0,1.3834919892251492,1,1.5542514063417912,12,8,2,0,F S,Brentford,0,1.3834919892251492,3.833646835759282,1.1757235415279865
9274,Naouirou Ahamada,8,73,0,0.18205039761960506,0,0.09168640151619911,3,2,1,0,S,Crystal Palace,0,0.18205039761960506,0.21593520045280457,0.02503580041229725
9324,Facundo Pellistri,4,48,0,0,0,0,0,0,0,0,S,Manchester United,0,0,0.5577363073825836,0.5577363073825836
9339,Joe Gelhardt,15,177,0,0.9828338120132685,2,0.731904000043869,10,2,1,0,F S,Leeds,0,0.9828338120132685,1.7896137908101082,0.8910369034856558
9356,Carney Chukwuemeka,14,323,0,0.28078445978462696,0,0.5179743207991123,5,8,0,0,M S,Chelsea,0,0.28078445978462696,2.4493823647499084,1.8873916678130627
9470,Isaac Price,1,30,0,0,0,0.032288599759340286,0,1,1,0,S,Everton,0,0,0.032288599759340286,0
9499,Cody Drameh,1,74,0,0,0,0,0,0,0,0,D,Leeds,0,0,0.1345990002155304,0.1345990002155304
9512,Valentino Livramento,2,19,0,0,0,0,0,0,0,0,S,Southampton,0,0,0,0
9524,Anthony Elanga,16,408,0,1.2088623978197575,1,1.1436329931020737,10,6,0,0,M S,Manchester United,0,1.2088623978197575,3.7241838313639164,1.8017782215029001
9552,Tyrese Francois,1,1,0,0,0,0,0,0,0,0,S,Fulham,0,0,0,0
9676,David Raya,38,3420,0,0.10391700267791748,0,0.15817540138959885,1,2,1,0,GK,Brentford,0,0.10391700267791748,2.429192343726754,2.2710169572383165
9677,Kristoffer Ajer,9,781,0,0.023081500083208084,0,0.016511399298906326,1,1,0,0,D,Brentford,0,0.023081500083208084,1.5337861999869347,1.5337861999869347
9679,Rico Henry,37,3260,0,1.945255502127111,2,3.062078721821308,22,23,4,0,D,Brentford,0,1.945255502127111,9.578056741505861,5.399344060570002
9681,Frank Onyeka,21,823,0,1.3004195326939225,2,0.9003641102463007,9,7,0,0,M S,Brentford,0,1.3004195326939225,3.751063988544047,1.778751190751791
9683,Mads Bech Sørensen,4,13,0,0,0,0,0,0,0,0,S,Brentford,0,0,0.014539799652993679,0.014539799652993679
9685,Mads Roerslev,20,1089,0,0.3934907913208008,0,1.8459260575473309,3,8,0,0,D S,Brentford,0,0.3934907913208008,2.639313882216811,1.452640237286687
9686,Halil Dervisoglu,1,5,0,0.06689240038394928,0,0,2,0,0,0,S,Brentford,0,0.06689240038394928,0.06689240038394928,0
9689,Albert Sambi Lokonga,15,732,0,0.13070455193519592,0,0.04567850008606911,2,2,2,0,M S,"Arsenal,Crystal Palace",0,0.13070455193519592,0.7480293493717909,0.6000321935862303
9710,Armel Bella Kotchap,24,1890,0,1.270264146849513,2,1.4630886502563953,14,6,4,0,D,Southampton,0,1.270264146849513,4.837567955255508,3.89722553268075
9733,Nathan Collins,26,1788,0,0.1207122802734375,0,0.07463289797306061,3,2,2,1,D S,Wolverhampton Wanderers,0,0.1207122802734375,3.1115625351667404,3.0369299352169037
9734,Enock Mwepu,6,205,0,0.07667040079832077,1,0.45226419530808926,2,3,0,0,F M S,Brighton,0,0.07667040079832077,1.0331942196935415,0.653810178861022
9740,José Sá,36,3240,0,0,0,0,0,0,2,0,GK,Wolverhampton Wanderers,0,0,1.553518857806921,1.553518857806921
9741,Chem Campbell,5,55,0,0.06225840002298355,0,0,2,0,0,0,S,Wolverhampton Wanderers,0,0.06225840002298355,0.0722723975777626,0.03001989983022213
9912,Cameron Archer,6,31,0,0,0,0,0,0,0,0,S,Aston Villa,0,0,0,0
9914,Shandon Baptiste,23,568,0,0.18456923961639404,1,1.0790189672261477,4,10,1,1,M S,Brentford,0,0.18456923961639404,1.5274408347904682,0.8893836699426174
10036,Jeremy Sarmiento,9,156,0,0.2745006997138262,1,0.20081399381160736,5,2,1,0,M S,Brighton,0,0.2745006997138262,1.288041802123189,0.812727190554142
10072,Samuel Edozie,17,540,0,1.0850969199091196,0,0.3165547512471676,8,8,0,0,F M S,Southampton,0,1.0850969199091196,2.7462167609483004,1.4620534982532263
10140,Hugo Bueno,21,1320,0,0.11245439946651459,1,1.070818241685629,4,15,1,0,D S,Wolverhampton Wanderers,0,0.11245439946651459,2.2600185442715883,1.5996279511600733
10168,Lewis Brunt,1,21,0,0,0,0,0,0,0,0,S,Leicester,0,0,0,0
10216,Lewis Hall,9,669,0,0.9621372651308775,0,2.483380403369665,11,15,1,0,D M S,Chelsea,0,0.9621372651308775,4.236596934497356,2.1478421427309513
10291,Vitalii Mykolenko,34,2651,0,0.6954699149355292,0,1.0392506159842014,10,18,4,0,D S,Everton,0,0.6954699149355292,5.121129205450416,3.6664649173617363
10292,Nathan Patterson,19,1272,0,0.8275385983288288,0,0.7127293702214956,8,6,3,0,D S,Everton,0,0.8275385983288288,3.072567291557789,2.221582919359207
10348,Omari Hutchinson,1,20,0,0,0,0,0,0,0,0,S,Chelsea,0,0,0.059926699846982956,0.059926699846982956
10453,Odeluga Offiah,2,17,0,0,0,0,0,0,0,0,S,Brighton,0,0,0.08017753809690475,0.08017753809690475
10579,Matthew Craig,1,11,0,0,0,0,0,0,0,0,S,Tottenham,0,0,0,0
10698,Malcolm Ebiowei,3,26,0,0,0,0,0,0,0,0,S,Crystal Palace,0,0,0.038511600345373154,0.038511600345373154
10718,Jay Stansfield,3,85,0,0.1730169951915741,0,0.05896500125527382,2,1,0,0,M S,Fulham,0,0.1730169951915741,0.23198199272155762,0
10719,Luke Harris,3,6,0,0,0,0,0,0,0,0,S,Fulham,0,0,0.08782369643449783,0.08782369643449783
10740,Jordan Zemura,19,1465,0,0.3462909907102585,1,2.1423926139250398,4,18,1,0,D M S,Bournemouth,0,0.3462909907102585,3.5135136218741536,1.2088170098140836
10742,Ben Pearson,7,285,0,0.05650799907743931,0,0,2,0,1,0,M S,Bournemouth,0,0.05650799907743931,0.18926910310983658,0.132760901004076
10745,Emiliano Marcondes,1,6,0,0,0,0,0,0,0,0,S,Bournemouth,0,0,0,0
10749,Siriki Dembélé,6,93,0,0.1077635008841753,0,0.26048700511455536,2,4,0,0,S,Bournemouth,0,0.1077635008841753,0.40328139811754227,0.16375209763646126
10752,Darko Gyabi,1,5,0,0.06537070125341415,0,0,1,0,0,0,S,Leeds,0,0.06537070125341415,0.06537070125341415,0
10753,Connor Ronan,1,1,0,0,0,0,0,0,0,0,S,Wolverhampton Wanderers,0,0,0,0
10755,Joseph Hodge,6,162,0,0.23239728808403015,0,0.07111719995737076,2,1,1,0,M S,Wolverhampton Wanderers,0,0.23239728808403015,0.4096744880080223,0.24397088587284088
10757,Scott McKenna,20,1568,0,0.072630500420928,0,0.8567974828183651,2,8,4,0,D S,Nottingham Forest,0,0.072630500420928,3.309428296983242,2.500349510461092
10758,Harry Toffolo,19,922,0,0.21827679499983788,0,0.4909842014312744,6,5,2,0,D M S,Nottingham Forest,0,0.21827679499983788,2.4126636013388634,1.9461959954351187
10761,Alex Mighten,1,5,0,0,0,0,0,0,0,0,S,Nottingham Forest,0,0,0,0
10764,Djed Spence,4,4,0,0.11410800367593765,0,0,1,0,0,0,S,Tottenham,0,0.11410800367593765,0.11410800367593765,0
10765,Gavin Bazunu,32,2880,0,0,0,0.04283760115504265,0,1,0,0,GK,Southampton,0,0,3.4182891845703125,3.375451184809208
10803,Tyrell Malacia,22,1376,0,0.16805899888277054,0,0.7472324855625629,5,9,6,0,D S,Manchester United,0,0.16805899888277054,6.350732691586018,5.691335782408714
10805,Levi Colwill,17,1213,0,1.5830463785678148,2,0.6098756808787584,8,7,1,0,D S,Brighton,0,1.5830463785678148,5.231132447719574,4.788313198834658
10807,Jan Paul van Hecke,8,288,0,0.5538489818572998,0,0,2,0,2,0,D S,Brighton,0,0.5538489818572998,0.29887180402874947,0.27959340438246727
10808,Daniel Iversen,12,1080,0,0,0,0,0,0,0,0,GK,Leicester,0,0,1.5647124908864498,1.5647124908864498
10809,Keane Lewis-Potter,10,307,0,0.6775096822530031,1,1.429301805794239,7,5,0,0,F S,Brentford,0,0.6775096822530031,1.1727796997874975,0.04870099946856499
10845,Flynn Downes,21,738,0,0.3241226226091385,0,0.05074428394436836,4,2,2,0,M S,West Ham,0,0.3241226226091385,1.104828191921115,0.8530487809330225
10847,Rico Lewis,14,904,0,0.20031758211553097,0,1.379109164699912,5,11,1,0,D M S,Manchester City,0,0.20031758211553097,6.51468688249588,5.571969419717789
10865,Jamal Lowe,2,9,0,0,0,0,0,0,0,0,S,Bournemouth,0,0,0,0
10997,Bobby Clark,1,5,0,0,0,0,0,0,0,0,S,Liverpool,0,0,0,0
11003,Ryan Yates,26,1842,0,1.7420261716470122,2,1.0617644041776657,26,7,5,0,M S,Nottingham Forest,0,1.7420261716470122,3.5049553960561752,1.5388160664588213
11005,Joseph Whitworth,2,180,0,0,0,0,0,0,0,0,GK,Crystal Palace,0,0,0,0
11034,Owen Bevan,1,6,0,0,0,0,0,0,0,0,S,Bournemouth,0,0,0,0
11035,Marquinhos,1,1,0,0,0,0,0,0,0,0,S,Arsenal,0,0,0,0
11078,Juan Larios,5,144,0,0,0,0,0,0,0,0,D S,Southampton,0,0,0.07834599912166595,0.07834599912166595
11132,Ethan Nwaneri,1,1,0,0,0,0,0,0,0,0,S,Arsenal,0,0,0,0
11174,Kobbie Mainoo,1,7,0,0,0,0,0,0,0,0,S,Manchester United,0,0,0.16662700474262238,0.16662700474262238
11193,Andrew Moran,1,9,0,0,0,0,0,0,0,0,S,Brighton,0,0,0.07546380162239075,0.07546380162239075
11208,Mateo Joseph,3,23,0,0.07369480282068253,0,0,1,0,0,0,S,Leeds,0,0.07369480282068253,0,0
11231,Ben Doak,2,20,0,0,0,0,0,0,0,0,S,Liverpool,0,0,0,0
11232,Thomas Cannon,2,15,0,0.050507400184869766,0,0.0708136036992073,1,1,0,0,S,Everton,0,0.050507400184869766,0.050507400184869766,0
11233,Dexter Lembikisa,1,20,0,0,0,0,0,0,0,0,S,Wolverhampton Wanderers,0,0,0.014924800023436546,0.014924800023436546
11242,Divin Mubama,3,30,0,0,0,0.05916547402739525,0,1,0,0,S,West Ham,0,0,0.3962714932858944,0.33710601925849915
11268,David Ozoh,1,1,0,0,0,0,0,0,0,0,S,Crystal Palace,0,0,0,0
11269,Jack Hinshelwood,1,1,0,0,0,0,0,0,0,0,S,Brighton,0,0,0,0
11284,Gustavo Scarpa,6,173,0,0.20786987151950598,0,0.027848999947309494,7,1,1,0,M S,Nottingham Forest,0,0.20786987151950598,0.49719100445508957,0.29837629944086075
11295,David Datro Fofana,3,65,0,0.32611268758773804,0,0.08742763008922338,3,3,0,0,F S,Chelsea,0,0.32611268758773804,0.38537351693958044,0
11298,Mislav Orsic,1,3,0,0,0,0,0,0,0,0,S,Southampton,0,0,0,0
11305,Mykhailo Mudryk,15,654,0,1.9044867679476738,2,0.7282041758298874,14,10,1,0,F M S,Chelsea,0,1.9044867679476738,3.8914809599518776,1.9701451398432255
11356,Enzo Fernández,18,1559,0,0.6178922252729535,2,2.1305470690131187,20,20,3,0,M,Chelsea,0,0.6178922252729535,8.81558745726943,7.622973386198282
11359,James Bree,5,373,0,0.014379559084773064,0,0.17823199555277824,1,4,1,0,D S,Southampton,0,0.014379559084773064,0.39735088124871254,0.230254914611578
11360,Paul Onuachu,11,390,0,0.9351124968379736,0,0.3200107105076313,11,4,0,0,F S,Southampton,0,0.9351124968379736,1.3479153849184513,0.10098399594426155
11361,Daniel Bentley,2,180,0,0,0,0,0,0,0,0,GK,Wolverhampton Wanderers,0,0,0.05848224461078644,0.05848224461078644
11366,Jhon Durán,12,103,0,0.7512960135936737,0,0.05253500118851662,7,1,1,0,S,Aston Villa,0,0.7512960135936737,0.29326159972697496,0.08821940049529076
11367,Victor Kristiansen,12,902,0,0.11820390075445175,1,0.6666268110275269,3,7,2,0,D S,Leicester,0,0.11820390075445175,2.8209515437483788,2.4717506989836693
11378,Máximo Perrone,1,17,0,0,0,0,0,0,0,0,S,Manchester City,0,0,0,0
11385,Yasin Ayari,3,59,0,0.012823300436139107,0,0.23809801787137985,1,2,0,0,M S,Brighton,0,0.012823300436139107,0.3362570181488991,0.22691300511360168
11386,Lewis Miley,1,10,0,0.06400494277477264,0,0,1,0,0,0,S,Newcastle United,0,0.06400494277477264,0.06400494277477264,0
11486,Illia Zabarnyi,5,290,0,0,0,0,0,0,0,0,D S,Bournemouth,0,0,0.631728045642376,0.631728045642376
11509,George Abbott,1,1,0,0,0,0,0,0,0,0,S,Tottenham,0,0,0,0
11544,Cameron Peupion,1,1,0,0.05361342057585716,0,0,1,0,0,0,S,Brighton,0,0.05361342057585716,0,0
11582,Kamari Doyle,1,1,0,0,0,0,0,0,0,0,S,Southampton,0,0,0,0
11583,Dominic Ballard,2,17,0,0,0,0,0,0,0,0,S,Southampton,0,0,0,0
11594,Shea Charles,1,26,0,0,0,0,0,0,0,0,S,Manchester City,0,0,0.129426509141922,0.129426509141922
11618,Samuel Amo-Ameyaw,1,1,0,0,0,0.02505393885076046,0,1,0,0,S,Southampton,0,0,0.02505393885076046,0.02505393885076046
