pens_made,age,minutes_90s,pens_att,goals_pens,player,assists,xg,position,npxg_per90,squad,birth_year,xa,npxg,games,npxg_xa,cards_yellow,minutes,npxg_xa_per90,assists_per90,cards_red,goals_assists_pens_per90,xg_per90,goals_per90,games_starts,goals_assists_per90,xg_xa_per90,goals,xa_per90,goals_pens_per90
0,21,32.0,0,0,Max Aarons,2,0.7,DF,0.02,Norwich City,2000,1.4,0.7,34,2.1,8,2881,0.07,0.06,0,0.06,0.02,0.00,32,0.06,0.07,0,0.04,0.00
0,25,22.7,0,7,Che Adams,3,7.1,FW,0.31,Southampton,1996,2.6,7.1,30,9.7,0,2039,0.43,0.13,0,0.44,0.31,0.31,23,0.44,0.43,7,0.12,0.31
0,20,20.3,0,1,Rayan Aït Nouri,2,0.7,DF,0.04,Wolves,2001,1.3,0.7,23,2.1,4,1828,0.10,0.10,0,0.15,0.04,0.05,20,0.15,0.10,1,0.07,0.05
0,23,22.2,0,1,Kristoffer Ajer,3,0.8,DF,0.04,Brentford,1998,1.4,0.8,24,2.2,5,1995,0.10,0.14,0,0.18,0.04,0.05,23,0.18,0.10,1,0.06,0.05
0,26,10.3,0,2,Nathan Aké,0,1.1,DF,0.11,Manchester City,1995,0.5,1.1,14,1.6,0,923,0.16,0.00,0,0.20,0.11,0.20,10,0.20,0.16,2,0.05,0.20
0,31,12.6,0,1,Marc Albrighton,2,0.5,"FW,DF",0.04,Leicester City,1989,1.7,0.5,17,2.2,3,1132,0.18,0.16,0,0.24,0.04,0.08,11,0.24,0.18,1,0.13,0.08
0,30,17.0,0,1,Thiago Alcántara,4,1.8,MF,0.11,Liverpool,1991,2.3,1.8,25,4.2,2,1534,0.25,0.23,0,0.29,0.11,0.06,17,0.29,0.25,1,0.14,0.06
0,22,31.7,0,2,Trent Alexander-Arnold,12,2.7,DF,0.08,Liverpool,1998,11.2,2.7,32,13.9,2,2853,0.44,0.38,0,0.44,0.08,0.06,32,0.44,0.44,2,0.35,0.06
0,28,36.0,0,0,Alisson,1,0.0,GK,0.00,Liverpool,1992,0.4,0.0,36,0.4,0,3240,0.01,0.03,0,0.03,0.00,0.00,36,0.03,0.01,0,0.01,0.00
0,30,24.3,0,0,Allan,2,0.2,MF,0.01,Everton,1991,0.9,0.2,28,1.1,7,2183,0.04,0.08,1,0.08,0.01,0.00,25,0.08,0.04,0,0.04,0.00
1,25,7.3,1,0,Dele Alli,0,1.5,"MF,FW",0.10,Tottenham,1996,0.8,0.7,10,1.5,1,657,0.21,0.00,0,0.00,0.20,0.14,8,0.14,0.31,1,0.11,0.00
0,25,3.8,0,0,Dele Alli,0,0.1,MF,0.02,Everton,1996,0.3,0.1,11,0.4,3,338,0.11,0.00,0,0.00,0.02,0.00,1,0.00,0.11,0,0.09,0.00
0,27,19.1,0,1,Miguel Almirón,0,2.1,"MF,FW",0.11,Newcastle Utd,1994,0.7,2.1,30,2.7,2,1716,0.14,0.00,0,0.05,0.11,0.05,19,0.05,0.14,1,0.03,0.05
0,30,24.1,0,4,Marcos Alonso,4,3.3,DF,0.14,Chelsea,1990,4.6,3.3,28,7.9,8,2167,0.33,0.17,0,0.33,0.14,0.17,25,0.33,0.33,4,0.19,0.17
0,22,4.5,0,0,Steven Alzate,0,0.1,MF,0.02,Brighton,1998,0.2,0.1,9,0.3,0,404,0.06,0.00,0,0.00,0.02,0.00,5,0.00,0.06,0,0.04,0.00
0,26,23.6,0,0,Daniel Amartey,0,0.0,DF,0.00,Leicester City,1994,0.2,0.0,28,0.2,4,2123,0.01,0.00,0,0.00,0.00,0.00,23,0.00,0.01,0,0.01,0.00
0,25,32.4,0,0,Joachim Andersen,3,0.6,DF,0.02,Crystal Palace,1996,1.8,0.6,34,2.3,4,2916,0.07,0.09,0,0.09,0.02,0.00,32,0.09,0.07,0,0.05,0.00
0,31,33.0,1,10,Michail Antonio,8,11.1,FW,0.33,West Ham,1990,6.6,10.8,36,17.5,8,2971,0.53,0.24,1,0.55,0.34,0.30,34,0.55,0.54,10,0.20,0.30
0,19,0.3,0,0,Cameron Archer,0,0.0,"MF,FW",0.07,Aston Villa,2001,0.0,0.0,3,0.0,0,27,0.07,0.00,0,0.00,0.07,0.00,0,0.00,0.07,0,0.00,0.00
0,28,1.0,0,0,Alphonse Areola,0,0.0,GK,0.00,West Ham,1993,0.0,0.0,1,0.0,0,90,0.00,0.00,0,0.00,0.00,0.00,1,0.00,0.00,0,0.00,0.00
0,24,15.7,0,2,Adam Armstrong,2,4.3,FW,0.27,Southampton,1997,1.7,4.3,23,6.0,1,1413,0.38,0.13,0,0.25,0.27,0.13,17,0.25,0.38,2,0.11,0.13
0,29,16.4,0,2,Stuart Armstrong,0,2.8,MF,0.17,Southampton,1992,1.4,2.8,25,4.1,1,1473,0.25,0.00,0,0.12,0.17,0.12,15,0.12,0.25,2,0.08,0.12
0,26,4.0,0,0,Kepa Arrizabalaga,0,0.0,GK,0.00,Chelsea,1994,0.0,0.0,4,0.0,0,360,0.00,0.00,0,0.00,0.00,0.00,4,0.00,0.00,0,0.00,0.00
0,19,0.1,0,0,Harrison Ashby,0,0.0,DF,0.00,West Ham,2001,0.0,0.0,1,0.0,0,7,0.00,0.00,0,0.00,0.00,0.00,0,0.00,0.00,0,0.00,0.00
0,32,11.5,2,4,Pierre-Emerick Aubameyang,1,5.8,FW,0.36,Arsenal,1989,0.8,4.1,14,5.0,3,1037,0.43,0.09,0,0.43,0.50,0.35,12,0.43,0.57,4,0.07,0.35
0,29,22.4,0,3,Jordan Ayew,3,3.7,FW,0.17,Crystal Palace,1991,2.3,3.7,31,6.1,2,2019,0.27,0.13,0,0.27,0.17,0.13,23,0.27,0.27,3,0.10,0.13
0,29,25.2,0,2,Luke Ayling,2,1.6,DF,0.06,Leeds United,1991,0.8,1.6,26,2.4,4,2272,0.10,0.08,1,0.16,0.06,0.08,26,0.16,0.10,2,0.03,0.08
0,31,23.0,0,1,César Azpilicueta,2,1.2,DF,0.05,Chelsea,1989,2.1,1.2,27,3.3,3,2070,0.14,0.09,0,0.13,0.05,0.04,24,0.13,0.14,1,0.09,0.04
0,27,12.0,0,0,Daniel Bachmann,0,0.0,GK,0.00,Watford,1994,0.0,0.0,12,0.0,0,1080,0.00,0.00,0,0.00,0.00,0.00,12,0.00,0.00,0,0.00,0.00
0,23,8.5,0,1,Leon Bailey,2,1.6,"FW,MF",0.19,Aston Villa,1997,0.6,1.6,18,2.2,3,761,0.26,0.24,0,0.35,0.19,0.12,7,0.35,0.26,1,0.07,0.12
0,27,2.4,0,0,Eric Bailly,0,0.0,DF,0.00,Manchester Utd,1994,0.0,0.0,4,0.0,1,217,0.00,0.00,0,0.00,0.00,0.00,3,0.00,0.00,0,0.00,0.00
0,20,0.8,0,0,Folarin Balogun,0,0.3,FW,0.35,Arsenal,2001,0.0,0.3,2,0.3,0,70,0.35,0.00,0,0.00,0.35,0.00,1,0.00,0.35,0,0.00,0.00
0,27,6.2,0,2,Patrick Bamford,2,3.9,FW,0.63,Leeds United,1993,1.0,3.9,9,4.9,2,559,0.78,0.32,0,0.64,0.63,0.32,7,0.64,0.78,2,0.15,0.32
0,23,10.1,0,1,Shandon Baptiste,1,0.7,MF,0.07,Brentford,1998,0.5,0.7,22,1.2,2,910,0.12,0.10,1,0.20,0.07,0.10,9,0.20,0.12,1,0.05,0.10
0,27,2.0,0,1,Ross Barkley,0,1.2,MF,0.60,Chelsea,1993,0.7,1.2,6,1.9,0,179,0.94,0.00,0,0.50,0.60,0.50,1,0.50,0.94,1,0.33,0.50
1,31,9.0,1,0,Ashley Barnes,0,1.8,FW,0.11,Burnley,1989,1.6,1.0,23,2.6,4,808,0.29,0.00,0,0.00,0.20,0.11,8,0.11,0.38,1,0.18,0.00
0,23,23.3,0,6,Harvey Barnes,10,6.8,"FW,MF",0.29,Leicester City,1997,4.0,6.8,32,10.8,2,2101,0.46,0.43,0,0.69,0.29,0.26,24,0.69,0.46,6,0.17,0.26
0,18,1.6,0,0,Lewis Bate,0,0.0,MF,0.01,Leeds United,2002,0.0,0.0,3,0.0,0,146,0.01,0.00,0,0.00,0.01,0.00,1,0.00,0.01,0,0.00,0.00
0,22,9.3,0,0,Mads Bech Sørensen,0,0.1,DF,0.01,Brentford,1999,0.4,0.1,11,0.5,3,835,0.05,0.00,0,0.00,0.01,0.00,9,0.00,0.05,0,0.04,0.00
0,25,29.2,0,4,Jan Bednarek,0,2.4,DF,0.08,Southampton,1996,0.6,2.4,31,3.0,10,2629,0.10,0.00,0,0.14,0.08,0.14,30,0.14,0.10,4,0.02,0.14
0,24,0.8,0,1,Donny van de Beek,0,0.7,MF,0.88,Manchester Utd,1997,0.5,0.7,8,1.2,0,75,1.46,0.00,0,1.20,0.88,1.20,0,1.20,1.46,1,0.58,1.20
0,24,5.4,0,1,Donny van de Beek,0,0.9,MF,0.17,Everton,1997,0.1,0.9,7,1.0,1,483,0.18,0.00,0,0.19,0.17,0.19,5,0.19,0.18,1,0.01,0.19
0,34,3.0,0,0,Asmir Begović,0,0.0,GK,0.00,Everton,1987,0.0,0.0,3,0.0,0,270,0.00,0.00,0,0.00,0.00,0.00,3,0.00,0.00,0,0.00,0.00
0,25,24.1,0,8,Saïd Benrahma,6,5.1,"FW,MF",0.21,West Ham,1995,3.2,5.1,32,8.3,0,2168,0.35,0.25,0,0.58,0.21,0.33,26,0.58,0.35,8,0.13,0.33
0,24,15.1,0,0,Rodrigo Bentancur,4,0.9,MF,0.06,Tottenham,1997,2.3,0.9,17,3.2,5,1361,0.21,0.26,0,0.26,0.06,0.00,16,0.26,0.21,0,0.15,0.00
0,30,12.7,0,4,Christian Benteke,1,5.4,FW,0.42,Crystal Palace,1990,1.1,5.4,25,6.5,3,1145,0.51,0.08,0,0.39,0.42,0.31,11,0.39,0.51,4,0.09,0.31
0,30,12.2,0,0,Jóhann Berg Guðmundsson,1,1.7,MF,0.14,Burnley,1990,0.3,1.7,18,2.0,2,1102,0.16,0.08,0,0.08,0.14,0.00,13,0.08,0.16,0,0.03,0.00
0,23,6.3,0,3,Steven Bergwijn,1,3.1,"FW,MF",0.49,Tottenham,1997,0.7,3.1,25,3.7,1,565,0.59,0.16,0,0.64,0.49,0.48,4,0.64,0.59,3,0.11,0.48
0,31,3.7,0,0,Ryan Bertrand,0,0.0,DF,0.00,Leicester City,1989,0.3,0.0,4,0.3,1,337,0.08,0.00,0,0.00,0.00,0.00,4,0.00,0.08,0,0.08,0.00
0,20,0.5,0,0,Mads Bidstrup,0,0.0,MF,0.00,Brentford,2001,0.0,0.0,4,0.0,0,41,0.00,0.00,0,0.00,0.00,0.00,0,0.00,0.00,0,0.00,0.00
0,24,23.5,0,1,Yves Bissouma,2,0.9,MF,0.04,Brighton,1996,0.8,0.9,26,1.7,10,2111,0.07,0.09,0,0.13,0.04,0.04,25,0.13,0.07,1,0.03,0.04
0,30,10.0,0,0,Willy Boly,0,0.2,DF,0.02,Wolves,1991,0.1,0.2,10,0.3,1,900,0.03,0.00,0,0.00,0.02,0.00,10,0.00,0.03,0,0.01,0.00
0,24,33.1,0,12,Jarrod Bowen,10,11.1,FW,0.34,West Ham,1996,5.7,11.1,36,16.8,6,2983,0.51,0.30,0,0.66,0.34,0.36,34,0.66,0.51,12,0.17,0.36
0,19,4.3,0,1,Jarrad Branthwaite,0,0.4,DF,0.10,Everton,2002,0.0,0.4,6,0.4,0,388,0.10,0.00,1,0.23,0.10,0.23,4,0.23,0.10,1,0.00,0.23
0,19,21.9,0,6,Armando Broja,0,7.0,FW,0.32,Southampton,2001,1.3,7.0,32,8.4,2,1975,0.38,0.00,0,0.27,0.32,0.27,21,0.27,0.38,6,0.06,0.27
0,25,32.8,0,2,Josh Brownhill,3,1.4,MF,0.04,Burnley,1995,2.5,1.4,35,3.9,10,2955,0.12,0.09,0,0.15,0.04,0.06,32,0.15,0.12,2,0.08,0.06
0,20,0.3,0,0,Lewis Brunt,0,0.0,MF,0.00,Leicester City,2000,0.0,0.0,1,0.0,0,24,0.00,0.00,0,0.00,0.00,0.00,0,0.00,0.00,0,0.00,0.00
0,20,1.0,0,0,Bryan,0,0.0,"FW,MF",0.03,Tottenham,2001,0.1,0.0,9,0.1,0,94,0.10,0.00,0,0.00,0.03,0.00,0,0.00,0.10,0,0.07,0.00
0,24,21.1,0,4,Emi Buendía,6,3.1,"FW,MF",0.14,Aston Villa,1996,5.5,3.1,35,8.6,1,1899,0.41,0.28,0,0.47,0.14,0.19,22,0.47,0.41,4,0.26,0.19
0,29,16.0,0,0,Dan Burn,1,0.5,DF,0.03,Newcastle Utd,1992,0.1,0.5,16,0.6,4,1440,0.04,0.06,0,0.06,0.03,0.00,16,0.06,0.04,0,0.01,0.00
0,29,11.4,0,1,Dan Burn,0,1.3,DF,0.11,Brighton,1992,0.0,1.3,13,1.3,4,1022,0.12,0.00,0,0.09,0.11,0.09,12,0.09,0.12,1,0.00,0.09
0,28,8.5,0,0,Jack Butland,0,0.0,GK,0.00,Crystal Palace,1993,0.0,0.0,9,0.0,0,765,0.00,0.00,0,0.00,0.00,0.00,8,0.00,0.00,0,0.00,0.00
0,27,11.4,0,0,Sam Byram,0,0.9,DF,0.08,Norwich City,1993,0.2,0.9,15,1.1,3,1027,0.10,0.00,0,0.00,0.08,0.00,11,0.00,0.10,0,0.02,0.00
0,39,2.0,0,0,Willy Caballero,0,0.0,GK,0.00,Southampton,1981,0.0,0.0,2,0.0,1,180,0.00,0.00,0,0.00,0.00,0.00,2,0.00,0.00,0,0.00,0.00
0,19,7.3,0,1,Moisés Caicedo,1,0.8,MF,0.10,Brighton,2001,0.4,0.8,8,1.1,2,660,0.16,0.14,0,0.27,0.10,0.14,8,0.27,0.16,1,0.05,0.14
2,24,14.3,3,3,Dominic Calvert-Lewin,2,6.8,FW,0.32,Everton,1997,1.8,4.6,17,6.4,2,1283,0.45,0.14,0,0.35,0.48,0.35,15,0.49,0.61,5,0.13,0.21
0,18,0.1,0,0,Chem Campbell,0,0.0,MF,0.00,Wolves,2002,0.0,0.0,1,0.0,0,13,0.00,0.00,0,0.00,0.00,0.00,0,0.00,0.00,0,0.00,0.00
0,27,35.9,0,1,João Cancelo,7,4.1,DF,0.12,Manchester City,1994,5.1,4.1,36,9.3,7,3227,0.26,0.20,0,0.22,0.12,0.03,36,0.22,0.26,1,0.14,0.03
0,24,23.1,0,3,Sergi Canós,2,3.0,DF,0.13,Brentford,1997,1.9,3.0,31,4.9,8,2083,0.21,0.09,1,0.22,0.13,0.13,25,0.22,0.21,3,0.08,0.13
0,23,4.9,0,0,Todd Cantwell,0,0.2,"FW,MF",0.03,Norwich City,1998,0.2,0.2,8,0.4,2,441,0.07,0.00,0,0.00,0.03,0.00,5,0.00,0.07,0,0.04,0.00
0,23,37.5,0,4,Matty Cash,3,2.4,DF,0.07,Aston Villa,1997,1.9,2.4,38,4.4,8,3377,0.12,0.08,0,0.19,0.07,0.11,38,0.19,0.12,4,0.05,0.11
0,25,23.6,0,1,Timothy Castagne,0,0.8,DF,0.03,Leicester City,1995,1.3,0.8,27,2.1,1,2127,0.09,0.00,0,0.04,0.03,0.04,22,0.04,0.09,1,0.05,0.04
0,27,11.4,0,2,Jonny Castro,0,0.8,DF,0.07,Wolves,1994,1.2,0.8,13,2.0,1,1024,0.17,0.00,0,0.18,0.07,0.18,10,0.18,0.17,2,0.10,0.18
0,32,26.6,0,0,Craig Cathcart,1,0.1,DF,0.00,Watford,1989,0.3,0.1,31,0.5,3,2396,0.02,0.04,0,0.04,0.00,0.00,27,0.04,0.02,0,0.01,0.00
0,34,8.5,0,2,Edinson Cavani,1,3.4,FW,0.39,Manchester Utd,1987,1.4,3.4,15,4.7,0,766,0.55,0.12,0,0.35,0.39,0.23,7,0.35,0.55,2,0.16,0.23
0,18,0.1,0,0,Kayky Chagas,0,0.0,FW,0.00,Manchester City,2003,0.0,0.0,1,0.0,0,7,0.00,0.00,0,0.00,0.00,0.00,0,0.00,0.00,0,0.00,0.00
0,22,16.1,0,3,Trevoh Chalobah,1,1.0,DF,0.06,Chelsea,1999,0.2,1.0,20,1.2,2,1449,0.08,0.06,0,0.25,0.06,0.19,17,0.25,0.08,3,0.01,0.19
0,26,1.9,0,0,Calum Chambers,0,0.1,DF,0.05,Arsenal,1995,0.1,0.1,2,0.1,0,170,0.07,0.00,0,0.00,0.05,0.00,2,0.00,0.07,0,0.03,0.00
0,26,9.2,0,1,Calum Chambers,0,0.2,DF,0.02,Aston Villa,1995,0.1,0.2,11,0.4,1,831,0.04,0.00,0,0.11,0.02,0.11,9,0.11,0.04,1,0.01,0.11
0,19,0.0,0,0,Daniel Chesters,0,0.0,MF,0.00,West Ham,2002,0.0,0.0,1,0.0,0,1,0.00,0.00,0,0.00,0.00,0.00,0,0.00,0.00,0,0.00,0.00
0,24,6.0,0,3,Ben Chilwell,1,1.2,DF,0.19,Chelsea,1996,0.9,1.2,7,2.1,0,542,0.34,0.17,0,0.66,0.19,0.50,6,0.66,0.34,3,0.15,0.50
0,21,2.3,0,0,Chiquinho,3,0.3,"DF,MF",0.13,Wolves,2000,0.6,0.3,8,0.9,0,208,0.41,1.30,0,1.30,0.13,0.00,1,1.30,0.41,0,0.27,0.00
0,23,3.2,0,0,Hamza Choudhury,0,0.0,"DF,MF",0.01,Leicester City,1997,0.0,0.0,6,0.0,1,285,0.01,0.00,0,0.00,0.01,0.00,4,0.00,0.01,0,0.00,0.00
0,25,16.6,0,0,Andreas Christensen,0,0.4,DF,0.03,Chelsea,1996,0.2,0.4,19,0.7,2,1496,0.04,0.00,0,0.00,0.03,0.00,17,0.00,0.04,0,0.01,0.00
0,17,3.3,0,0,Carney Chukwuemeka,1,0.6,"MF,FW",0.17,Aston Villa,2003,1.0,0.6,12,1.5,0,301,0.46,0.30,0,0.30,0.17,0.00,2,0.30,0.46,0,0.29,0.00
0,31,11.3,0,0,Ciaran Clark,1,0.8,DF,0.07,Newcastle Utd,1989,0.3,0.8,13,1.1,2,1014,0.10,0.09,1,0.09,0.07,0.00,12,0.09,0.10,0,0.03,0.00
0,31,18.0,0,0,Tom Cleverley,2,0.8,MF,0.05,Watford,1989,2.0,0.8,28,2.9,2,1616,0.16,0.11,0,0.11,0.05,0.00,20,0.11,0.16,0,0.11,0.00
0,30,15.0,0,0,Nathaniel Clyne,1,0.1,DF,0.01,Crystal Palace,1991,0.5,0.1,16,0.6,1,1351,0.04,0.07,0,0.07,0.01,0.00,15,0.07,0.04,0,0.03,0.00
0,28,37.3,0,4,Conor Coady,0,2.0,DF,0.05,Wolves,1993,0.0,2.0,38,2.0,4,3361,0.05,0.00,0,0.11,0.05,0.11,38,0.11,0.05,4,0.00,0.11
0,32,29.5,0,1,Séamus Coleman,0,1.0,DF,0.03,Everton,1988,1.1,1.0,30,2.1,4,2656,0.07,0.00,0,0.03,0.03,0.03,30,0.03,0.07,1,0.04,0.03
0,20,18.6,0,2,Nathan Collins,0,1.6,DF,0.08,Burnley,2001,0.9,1.6,19,2.5,2,1670,0.14,0.00,1,0.11,0.08,0.11,18,0.11,0.14,2,0.05,0.11
0,21,1.7,0,0,Aaron Connolly,0,0.5,FW,0.26,Brighton,2000,0.4,0.5,4,0.8,0,156,0.47,0.00,0,0.00,0.26,0.00,1,0.00,0.47,0,0.20,0.00
0,29,20.2,0,0,Liam Cooper,1,0.3,DF,0.02,Leeds United,1991,0.1,0.3,21,0.4,5,1814,0.02,0.05,0,0.05,0.02,0.00,21,0.05,0.02,0,0.00,0.00
0,32,18.6,0,1,Jack Cork,0,0.8,MF,0.04,Burnley,1989,0.1,0.8,20,0.9,4,1670,0.05,0.00,0,0.05,0.04,0.05,20,0.05,0.05,1,0.01,0.05
0,24,19.6,1,9,Maxwel Cornet,1,6.7,"FW,MF",0.30,Burnley,1996,1.5,5.9,26,7.4,2,1766,0.38,0.05,0,0.51,0.34,0.46,21,0.51,0.42,9,0.07,0.46
0,27,0.2,0,0,Hélder Costa,0,0.0,MF,0.11,Leeds United,1994,0.0,0.0,1,0.0,0,22,0.11,0.00,0,0.00,0.11,0.00,0,0.00,0.11,0,0.00,0.00
0,28,24.5,0,0,Vladimír Coufal,4,0.6,DF,0.02,West Ham,1992,2.4,0.6,28,3.0,5,2209,0.12,0.16,1,0.16,0.02,0.00,25,0.16,0.12,0,0.10,0.00
0,29,14.8,0,5,Philippe Coutinho,3,3.7,"MF,FW",0.25,Aston Villa,1992,3.2,3.7,19,6.9,0,1329,0.47,0.20,0,0.54,0.25,0.34,16,0.54,0.47,5,0.22,0.34
0,31,30.3,0,2,Aaron Cresswell,3,1.1,DF,0.04,West Ham,1989,3.2,1.1,31,4.3,3,2726,0.14,0.10,0,0.17,0.04,0.07,31,0.17,0.14,2,0.11,0.07
0,18,1.6,0,0,Charlie Cresswell,0,0.1,DF,0.05,Leeds United,2002,0.0,0.1,5,0.1,1,141,0.05,0.00,0,0.00,0.05,0.00,1,0.00,0.05,0,0.00,0.00
0,22,12.7,0,5,Cucho,2,2.5,"FW,MF",0.20,Watford,1999,1.9,2.5,25,4.4,3,1147,0.35,0.16,0,0.55,0.20,0.39,11,0.55,0.35,5,0.15,0.39
0,23,34.3,0,1,Marc Cucurella,1,0.7,DF,0.02,Brighton,1998,2.7,0.7,35,3.4,6,3089,0.10,0.03,0,0.06,0.02,0.03,35,0.06,0.10,1,0.08,0.03
0,19,2.0,0,0,Luke Cundle,0,0.0,MF,0.00,Wolves,2002,0.2,0.0,4,0.2,0,180,0.12,0.00,0,0.00,0.00,0.00,2,0.00,0.12,0,0.12,0.00
0,22,12.9,0,5,Patson Daka,3,4.7,FW,0.36,Leicester City,1998,1.8,4.7,23,6.5,2,1159,0.51,0.23,0,0.62,0.36,0.39,13,0.62,0.51,5,0.14,0.39
0,30,32.4,0,1,Stuart Dallas,1,2.0,"DF,MF",0.06,Leeds United,1991,2.4,2.0,34,4.3,5,2919,0.13,0.03,0,0.06,0.06,0.03,34,0.06,0.13,1,0.07,0.03
0,22,20.0,0,0,Diogo Dalot,0,0.7,DF,0.03,Manchester Utd,1999,1.0,0.7,24,1.7,4,1801,0.08,0.00,0,0.00,0.03,0.00,19,0.00,0.08,0,0.05,0.00
0,30,8.0,0,0,Karl Darlow,0,0.0,GK,0.00,Newcastle Utd,1990,0.0,0.0,8,0.0,1,720,0.00,0.00,0,0.00,0.00,0.00,8,0.00,0.00,0,0.00,0.00
0,22,2.9,0,0,Josh Dasilva,0,0.0,"MF,FW",0.02,Brentford,1998,0.1,0.0,9,0.2,0,257,0.05,0.00,1,0.00,0.02,0.00,2,0.00,0.05,0,0.04,0.00
0,28,28.2,0,1,Ben Davies,1,1.8,DF,0.06,Tottenham,1993,0.6,1.8,29,2.3,6,2538,0.08,0.04,0,0.07,0.06,0.04,28,0.07,0.08,1,0.02,0.04
0,23,2.6,0,1,Tom Davies,0,0.9,MF,0.35,Everton,1998,0.0,0.9,6,0.9,1,234,0.35,0.00,0,0.38,0.35,0.38,2,0.38,0.35,1,0.00,0.38
0,23,0.1,0,0,Keinan Davis,0,0.0,FW,0.00,Aston Villa,1998,0.0,0.0,1,0.0,0,12,0.00,0.00,0,0.00,0.00,0.00,0,0.00,0.00,0,0.00,0.00
0,31,30.6,0,2,Craig Dawson,2,2.9,DF,0.09,West Ham,1990,0.5,2.9,34,3.3,5,2754,0.11,0.07,1,0.13,0.09,0.07,30,0.13,0.11,2,0.01,0.07
0,30,24.5,0,15,Kevin De Bruyne,8,6.4,MF,0.26,Manchester City,1991,9.5,6.4,30,15.9,2,2201,0.65,0.33,0,0.94,0.26,0.61,25,0.94,0.65,15,0.39,0.61
0,33,0.3,0,0,Troy Deeney,0,0.4,FW,1.45,Watford,1988,0.1,0.4,2,0.5,0,25,1.77,0.00,0,0.00,1.45,0.00,0,0.00,1.77,0,0.32,0.00
0,18,0.1,0,0,Liam Delap,0,0.0,FW,0.00,Manchester City,2003,0.0,0.0,1,0.0,0,10,0.00,0.00,0,0.00,0.00,0.00,0,0.00,0.00,0,0.00,0.00
0,31,7.4,0,0,Fabian Delph,0,0.0,MF,0.01,Everton,1989,0.1,0.0,11,0.1,2,662,0.02,0.00,0,0.00,0.01,0.00,8,0.00,0.02,0,0.01,0.00
0,26,21.7,0,2,Leander Dendoncker,2,2.6,MF,0.12,Wolves,1995,1.0,2.6,30,3.6,4,1950,0.16,0.09,0,0.18,0.12,0.09,21,0.18,0.16,2,0.05,0.09
0,23,28.7,0,10,Emmanuel Dennis,6,7.5,"FW,MF",0.26,Watford,1997,3.2,7.5,33,10.7,9,2581,0.37,0.21,1,0.56,0.26,0.35,30,0.56,0.37,10,0.11,0.35
0,22,23.4,0,1,Kiernan Dewsbury-Hall,2,1.3,MF,0.06,Leicester City,1998,3.0,1.3,28,4.3,4,2105,0.18,0.09,0,0.13,0.06,0.04,23,0.13,0.18,1,0.13,0.04
0,22,11.4,0,0,Ibrahima Diallo,2,0.5,MF,0.04,Southampton,1999,1.0,0.5,23,1.4,1,1023,0.13,0.18,0,0.18,0.04,0.00,10,0.18,0.13,0,0.09,0.00
0,24,26.7,0,2,Rúben Dias,4,2.2,DF,0.08,Manchester City,1997,2.4,2.2,29,4.6,5,2402,0.17,0.15,0,0.22,0.08,0.07,27,0.22,0.17,2,0.09,0.07
0,24,10.6,0,4,Luis Díaz,3,4.5,FW,0.42,Liverpool,1997,1.8,4.5,13,6.3,0,958,0.59,0.28,0,0.66,0.42,0.38,11,0.66,0.59,4,0.17,0.38
0,27,34.1,0,0,Eric Dier,0,1.0,DF,0.03,Tottenham,1994,1.4,1.0,35,2.4,1,3071,0.07,0.00,0,0.00,0.03,0.00,35,0.00,0.07,0,0.04,0.00
0,28,14.1,0,0,Lucas Digne,4,0.6,DF,0.04,Aston Villa,1993,2.0,0.6,16,2.6,2,1269,0.18,0.28,0,0.28,0.04,0.00,16,0.28,0.18,0,0.14,0.00
0,28,13.0,0,0,Lucas Digne,0,0.4,DF,0.03,Everton,1993,1.7,0.4,13,2.1,4,1170,0.16,0.00,0,0.00,0.03,0.00,13,0.00,0.16,0,0.13,0.00
0,30,34.0,0,3,Virgil van Dijk,1,2.4,DF,0.07,Liverpool,1991,0.4,2.4,34,2.8,3,3060,0.08,0.03,0,0.12,0.07,0.09,34,0.12,0.08,3,0.01,0.09
0,24,10.7,0,0,Issa Diop,1,0.1,DF,0.01,West Ham,1997,0.1,0.1,13,0.3,0,963,0.02,0.09,0,0.09,0.01,0.00,10,0.09,0.02,0,0.01,0.00
0,23,5.1,0,0,Moussa Djenepo,0,1.5,MF,0.30,Southampton,1998,0.2,1.5,12,1.7,3,457,0.34,0.00,0,0.00,0.30,0.00,5,0.00,0.34,0,0.05,0.00
0,18,0.4,0,0,Lewis Dobbin,0,0.0,"FW,MF",0.00,Everton,2003,0.0,0.0,3,0.0,1,32,0.00,0.00,0,0.00,0.00,0.00,0,0.00,0.00,0,0.00,0.00
0,29,9.7,0,2,Matt Doherty,4,2.5,DF,0.26,Tottenham,1992,1.8,2.5,15,4.3,0,875,0.44,0.41,0,0.62,0.26,0.21,9,0.62,0.44,2,0.18,0.21
0,23,34.0,0,5,Gabriel Dos Santos,0,2.7,DF,0.08,Arsenal,1997,0.8,2.7,35,3.5,8,3063,0.10,0.00,1,0.15,0.08,0.15,35,0.15,0.10,5,0.02,0.15
0,28,28.2,0,2,Abdoulaye Doucouré,4,2.7,MF,0.10,Everton,1993,2.2,2.7,30,4.9,6,2537,0.17,0.14,0,0.21,0.10,0.07,29,0.21,0.17,2,0.08,0.07
0,23,10.1,0,1,Kieran Dowell,1,1.2,"FW,MF",0.12,Norwich City,1997,2.0,1.2,19,3.2,0,912,0.31,0.10,0,0.20,0.12,0.10,11,0.20,0.31,1,0.20,0.10
0,19,1.4,0,0,Cody Drameh,0,0.0,DF,0.00,Leeds United,2001,0.0,0.0,3,0.0,1,128,0.01,0.00,0,0.00,0.00,0.00,1,0.00,0.01,0,0.01,0.00
0,32,26.0,0,0,Martin Dúbravka,0,0.0,GK,0.00,Newcastle Utd,1989,0.1,0.0,26,0.1,1,2340,0.00,0.00,0,0.00,0.00,0.00,26,0.00,0.00,0,0.00,0.00
0,29,16.0,0,1,Shane Duffy,0,1.3,DF,0.08,Brighton,1992,0.1,1.3,18,1.5,7,1436,0.09,0.00,0,0.06,0.08,0.06,15,0.06,0.09,1,0.01,0.06
0,29,2.2,0,0,Paul Dummett,0,0.0,DF,0.00,Newcastle Utd,1991,0.0,0.0,3,0.0,2,198,0.00,0.00,0,0.00,0.00,0.00,2,0.00,0.00,0,0.00,0.00
0,29,28.6,0,1,Lewis Dunk,0,1.2,DF,0.04,Brighton,1991,0.2,1.2,29,1.4,3,2573,0.05,0.00,1,0.03,0.04,0.03,29,0.03,0.05,1,0.01,0.03
0,27,37.0,0,0,Ederson,0,0.0,GK,0.00,Manchester City,1993,0.1,0.0,37,0.1,3,3330,0.00,0.00,0,0.00,0.00,0.00,37,0.00,0.00,0,0.00,0.00
1,23,17.4,1,5,Odsonne Édouard,3,6.9,FW,0.35,Crystal Palace,1998,2.3,6.1,28,8.4,4,1564,0.49,0.17,0,0.46,0.40,0.35,18,0.52,0.53,6,0.13,0.29
0,18,0.0,0,0,CJ Egan-Riley,0,0.0,DF,0.00,Manchester City,2003,0.0,0.0,1,0.0,0,4,0.00,0.00,0,0.00,0.00,0.00,0,0.00,0.00,0,0.00,0.00
0,19,13.5,0,2,Anthony Elanga,2,3.0,FW,0.22,Manchester Utd,2002,1.8,3.0,21,4.8,0,1214,0.35,0.15,0,0.30,0.22,0.15,14,0.30,0.35,2,0.14,0.15
0,18,3.8,0,0,Harvey Elliott,0,0.9,MF,0.23,Liverpool,2003,0.5,0.9,6,1.4,0,346,0.35,0.00,0,0.00,0.23,0.00,4,0.00,0.35,0,0.12,0.00
0,29,9.0,0,0,Mohamed Elneny,2,0.2,MF,0.02,Arsenal,1992,0.6,0.2,14,0.7,1,806,0.08,0.22,0,0.22,0.02,0.00,8,0.22,0.08,0,0.06,0.00
0,26,22.7,0,4,Mohamed Elyounoussi,2,6.0,"MF,FW",0.26,Southampton,1994,2.5,6.0,30,8.5,4,2042,0.37,0.09,0,0.26,0.26,0.18,23,0.26,0.37,4,0.11,0.18
0,22,25.4,0,1,Emerson,1,1.5,DF,0.06,Tottenham,1999,2.1,1.5,31,3.6,5,2286,0.14,0.04,0,0.08,0.06,0.04,26,0.08,0.14,1,0.08,0.04
0,29,10.4,0,1,Christian Eriksen,4,1.4,MF,0.14,Brentford,1992,3.6,1.4,11,5.0,1,939,0.48,0.38,0,0.48,0.14,0.10,10,0.48,0.48,1,0.34,0.10
0,25,4.5,0,0,Oghenekaro Etebo,0,0.0,MF,0.01,Watford,1995,0.1,0.0,9,0.1,3,401,0.02,0.00,0,0.00,0.01,0.00,4,0.00,0.02,0,0.01,0.00
0,33,15.0,0,1,Jonny Evans,1,0.7,DF,0.05,Leicester City,1988,0.6,0.7,18,1.3,3,1348,0.09,0.07,0,0.13,0.05,0.07,16,0.13,0.09,1,0.04,0.07
0,23,6.7,0,1,Eberechi Eze,1,0.5,"MF,FW",0.08,Crystal Palace,1998,0.9,0.5,13,1.4,1,605,0.21,0.15,0,0.30,0.08,0.15,6,0.30,0.21,1,0.13,0.15
0,36,37.0,0,0,Łukasz Fabiański,0,0.0,GK,0.00,West Ham,1985,0.0,0.0,37,0.0,2,3330,0.00,0.00,0,0.00,0.00,0.00,37,0.00,0.00,0,0.00,0.00
2,27,25.7,2,3,Fabinho,1,3.4,MF,0.07,Liverpool,1993,1.4,1.9,29,3.3,7,2314,0.13,0.04,0,0.16,0.13,0.19,26,0.23,0.19,5,0.05,0.12
0,30,23.8,0,0,Kiko Femenía,5,0.1,DF,0.00,Watford,1991,3.2,0.1,27,3.3,2,2142,0.14,0.21,0,0.21,0.00,0.00,26,0.21,0.14,0,0.14,0.00
0,16,0.3,0,0,Evan Ferguson,0,0.0,MF,0.00,Brighton,2004,0.0,0.0,1,0.0,0,23,0.00,0.00,0,0.00,0.00,0.00,0,0.00,0.00,0,0.00,0.00
0,20,0.1,0,0,Nathan Ferguson,0,0.0,DF,0.00,Crystal Palace,2000,0.0,0.0,1,0.0,0,9,0.00,0.00,0,0.00,0.00,0.00,0,0.00,0.00,0,0.00,0.00
0,26,34.6,2,10,Bruno Fernandes,6,9.7,MF,0.24,Manchester Utd,1994,8.4,8.2,36,16.6,10,3111,0.48,0.17,0,0.46,0.28,0.29,35,0.46,0.53,10,0.24,0.29
0,23,12.0,0,0,Álvaro Fernández,0,0.0,GK,0.00,Brentford,1998,0.0,0.0,12,0.0,0,1080,0.00,0.00,0,0.00,0.00,0.00,12,0.00,0.00,0,0.00,0.00
0,32,5.8,0,0,Federico Fernández,0,0.4,DF,0.07,Newcastle Utd,1989,0.3,0.4,7,0.8,0,523,0.13,0.00,0,0.00,0.07,0.00,5,0.00,0.13,0,0.06,0.00
0,36,10.7,0,2,Fernandinho,1,1.6,"MF,DF",0.15,Manchester City,1985,0.9,1.6,19,2.5,1,964,0.24,0.09,0,0.28,0.15,0.19,10,0.28,0.24,2,0.08,0.19
0,29,11.0,0,5,Roberto Firmino,4,5.0,FW,0.46,Liverpool,1991,2.4,5.0,20,7.4,3,990,0.67,0.36,0,0.82,0.46,0.45,10,0.82,0.67,5,0.22,0.45
0,24,19.0,0,0,Junior Firpo,2,0.9,DF,0.05,Leeds United,1996,2.6,0.9,24,3.5,11,1711,0.18,0.11,0,0.11,0.05,0.00,19,0.11,0.18,0,0.13,0.00
0,25,0.3,0,0,Ashley Fletcher,0,0.4,FW,1.16,Watford,1995,0.0,0.4,3,0.4,0,30,1.16,0.00,0,0.00,1.16,0.00,0,0.00,1.16,0,0.00,0.00
0,21,23.6,0,9,Phil Foden,5,9.1,FW,0.38,Manchester City,2000,6.6,9.1,28,15.7,1,2128,0.66,0.21,0,0.59,0.38,0.38,24,0.59,0.66,9,0.28,0.38
0,20,7.0,0,0,Wesley Fofana,0,0.2,DF,0.03,Leicester City,2000,0.0,0.2,7,0.3,2,630,0.04,0.00,0,0.00,0.03,0.00,7,0.00,0.04,0,0.00,0.00
0,25,31.1,0,6,Pablo Fornals,3,5.0,"FW,MF",0.16,West Ham,1996,5.6,5.0,36,10.6,4,2795,0.34,0.10,0,0.29,0.16,0.19,32,0.29,0.34,6,0.18,0.19
0,29,17.0,0,0,Adam Forshaw,1,0.4,MF,0.02,Leeds United,1991,1.1,0.4,22,1.5,5,1530,0.09,0.06,0,0.06,0.02,0.00,17,0.06,0.09,0,0.07,0.00
0,22,2.3,0,0,Marcus Forss,1,0.2,"FW,MF",0.10,Brentford,1999,0.0,0.2,7,0.2,0,209,0.10,0.43,0,0.43,0.10,0.00,1,0.43,0.10,0,0.00,0.00
0,33,19.0,0,0,Fraser Forster,0,0.0,GK,0.00,Southampton,1988,0.0,0.0,19,0.0,1,1710,0.00,0.00,0,0.00,0.00,0.00,19,0.00,0.00,0,0.00,0.00
0,38,26.0,0,0,Ben Foster,1,0.0,GK,0.00,Watford,1983,0.2,0.0,26,0.2,0,2340,0.01,0.04,0,0.04,0.00,0.00,26,0.04,0.01,0,0.01,0.00
0,25,0.2,0,0,Tariqe Fosu,0,0.0,DF,0.16,Brentford,1995,0.0,0.0,1,0.0,0,17,0.16,0.00,0,0.00,0.16,0.00,0,0.00,0.16,0,0.00,0.00
0,27,16.3,0,2,Ryan Fraser,3,2.8,"FW,MF",0.17,Newcastle Utd,1994,2.2,2.8,27,5.1,3,1465,0.31,0.18,0,0.31,0.17,0.12,18,0.31,0.31,2,0.14,0.12
0,28,22.5,0,4,Fred,4,1.5,MF,0.07,Manchester Utd,1993,2.0,1.5,28,3.4,5,2028,0.15,0.18,0,0.36,0.07,0.18,24,0.36,0.15,4,0.09,0.18
0,28,3.4,0,0,Ryan Fredericks,0,0.0,DF,0.00,West Ham,1992,0.1,0.0,7,0.1,1,307,0.03,0.00,0,0.00,0.00,0.00,3,0.00,0.03,0,0.03,0.00
0,17,1.7,0,0,Leo Fuhr Hjelde,0,0.0,DF,0.00,Leeds United,2003,0.0,0.0,2,0.0,0,150,0.02,0.00,0,0.00,0.00,0.00,0,0.00,0.02,0,0.02,0.00
0,21,31.6,0,8,Conor Gallagher,3,5.8,MF,0.18,Crystal Palace,2000,3.5,5.8,34,9.3,10,2845,0.29,0.09,0,0.35,0.18,0.25,33,0.35,0.29,8,0.11,0.25
0,17,0.1,0,0,Alejandro Garnacho,0,0.0,FW,0.00,Manchester Utd,2004,0.0,0.0,2,0.0,0,13,0.00,0.00,0,0.00,0.00,0.00,0,0.00,0.00,0,0.00,0.00
0,30,0.4,0,0,Dwight Gayle,0,0.3,FW,0.71,Newcastle Utd,1990,0.5,0.3,8,0.8,1,38,1.89,0.00,0,0.00,0.71,0.00,0,0.00,1.89,0,1.19,0.00
0,25,0.7,0,0,Jean-Philippe Gbamin,0,0.0,MF,0.00,Everton,1995,0.0,0.0,3,0.0,0,67,0.00,0.00,0,0.00,0.00,0.00,1,0.00,0.00,0,0.00,0.00
0,30,38.0,0,0,David de Gea,0,0.0,GK,0.00,Manchester Utd,1990,0.0,0.0,38,0.0,0,3420,0.00,0.00,0,0.00,0.00,0.00,38,0.00,0.00,0,0.00,0.00
0,19,8.3,0,2,Joe Gelhardt,2,3.1,"FW,MF",0.38,Leeds United,2002,1.5,3.1,20,4.7,4,746,0.56,0.24,0,0.48,0.38,0.24,5,0.48,0.56,2,0.19,0.24
1,26,4.3,1,0,Anwar El Ghazi,1,1.1,"FW,MF",0.07,Aston Villa,1995,0.4,0.3,9,0.7,2,386,0.16,0.23,0,0.23,0.25,0.23,4,0.47,0.33,1,0.09,0.00
0,26,0.1,0,0,Anwar El Ghazi,0,0.0,FW,0.00,Everton,1995,0.0,0.0,2,0.0,0,13,0.00,0.00,0,0.00,0.00,0.00,0,0.00,0.00,0,0.00,0.00
0,27,6.0,0,1,Saman Ghoddos,1,0.6,"DF,MF",0.11,Brentford,1993,1.2,0.6,17,1.9,2,536,0.32,0.17,0,0.34,0.11,0.17,4,0.34,0.32,1,0.21,0.17
0,25,13.0,0,0,Dimitris Giannoulis,1,0.2,DF,0.01,Norwich City,1995,0.5,0.2,18,0.6,2,1169,0.05,0.08,0,0.08,0.01,0.00,14,0.08,0.05,0,0.04,0.00
0,21,0.1,0,0,Morgan Gibbs-White,0,0.1,"FW,MF",1.22,Wolves,2000,0.0,0.1,2,0.1,1,9,1.22,0.00,0,0.00,1.22,0.00,0,0.00,1.22,0,0.00,0.00
0,28,27.7,0,0,Ben Gibson,0,1.2,DF,0.04,Norwich City,1993,0.0,1.2,28,1.2,5,2494,0.04,0.00,1,0.00,0.04,0.00,28,0.00,0.04,0,0.00,0.00
0,20,20.6,0,0,Billy Gilmour,1,1.0,MF,0.05,Norwich City,2001,2.0,1.0,24,3.0,2,1855,0.14,0.05,0,0.05,0.05,0.00,21,0.05,0.14,0,0.10,0.00
0,23,22.5,0,0,Ben Godfrey,0,1.1,DF,0.05,Everton,1998,0.7,1.1,23,1.9,6,2029,0.08,0.00,0,0.00,0.05,0.00,23,0.00,0.08,0,0.03,0.00
0,28,6.9,0,0,André Gomes,1,0.7,MF,0.10,Everton,1993,0.2,0.7,14,0.9,3,619,0.13,0.15,0,0.15,0.10,0.00,7,0.15,0.13,0,0.03,0.00
0,22,4.0,0,0,Toti Gomes,0,0.1,DF,0.01,Wolves,1999,0.0,0.1,4,0.1,1,360,0.01,0.00,0,0.00,0.01,0.00,4,0.00,0.01,0,0.00,0.00
0,24,3.7,0,0,Joe Gomez,1,0.0,DF,0.00,Liverpool,1997,0.5,0.0,8,0.5,2,331,0.13,0.27,0,0.27,0.00,0.00,4,0.27,0.13,0,0.13,0.00
0,25,5.0,0,0,Charlie Goode,0,0.1,DF,0.03,Brentford,1995,0.3,0.1,6,0.5,3,450,0.10,0.00,0,0.00,0.03,0.00,4,0.00,0.10,0,0.07,0.00
0,20,25.4,0,4,Anthony Gordon,2,3.4,"MF,FW",0.13,Everton,2001,3.3,3.4,35,6.7,4,2285,0.26,0.08,0,0.24,0.13,0.16,25,0.24,0.26,4,0.13,0.16
0,16,0.1,0,0,Kaide Gordon,0,0.4,FW,4.48,Liverpool,2004,0.0,0.4,1,0.4,0,9,4.48,0.00,0,0.00,4.48,0.00,0,0.00,4.48,0,0.00,0.00
0,31,1.8,0,1,Dan Gosling,0,0.2,MF,0.10,Watford,1990,0.0,0.2,4,0.2,0,166,0.11,0.00,0,0.54,0.10,0.54,2,0.54,0.11,1,0.01,0.54
0,25,26.0,0,5,Demarai Gray,4,4.5,"MF,FW",0.17,Everton,1996,4.3,4.5,34,8.8,3,2338,0.34,0.15,0,0.35,0.17,0.19,28,0.35,0.34,5,0.16,0.19
0,25,21.3,0,3,Jack Grealish,3,4.8,FW,0.22,Manchester City,1995,6.3,4.8,26,11.1,3,1914,0.52,0.14,0,0.28,0.22,0.14,22,0.28,0.52,3,0.30,0.14
0,19,14.1,0,5,Mason Greenwood,1,4.4,"FW,MF",0.31,Manchester Utd,2001,1.6,4.4,18,6.0,1,1271,0.42,0.07,0,0.42,0.31,0.35,16,0.42,0.42,5,0.11,0.35
0,19,2.6,0,0,Sam Greenwood,2,0.4,"MF,FW",0.14,Leeds United,2002,0.7,0.4,7,1.1,0,237,0.42,0.76,0,0.76,0.14,0.00,1,0.76,0.42,0,0.28,0.00
0,30,22.6,1,2,Pascal Groß,4,2.9,"MF,DF",0.10,Brighton,1991,5.3,2.2,29,7.5,1,2038,0.33,0.18,0,0.26,0.13,0.09,24,0.26,0.36,2,0.24,0.09
0,34,29.5,0,0,Vicente Guaita,0,0.0,GK,0.00,Crystal Palace,1987,0.0,0.0,30,0.0,2,2655,0.00,0.00,0,0.00,0.00,0.00,30,0.00,0.00,0,0.00,0.00
0,21,35.8,0,2,Marc Guéhi,1,1.9,DF,0.05,Crystal Palace,2000,0.5,1.9,36,2.4,4,3222,0.07,0.03,0,0.08,0.05,0.06,36,0.08,0.07,2,0.01,0.06
0,23,11.5,0,5,Bruno Guimarães,1,2.9,MF,0.25,Newcastle Utd,1997,1.8,2.9,17,4.7,4,1034,0.41,0.09,0,0.52,0.25,0.44,11,0.52,0.41,5,0.16,0.44
0,30,20.6,0,8,İlkay Gündoğan,4,8.6,MF,0.42,Manchester City,1990,4.2,8.6,27,12.8,1,1857,0.62,0.19,0,0.58,0.42,0.39,20,0.58,0.62,8,0.20,0.39
0,25,9.0,0,0,Angus Gunn,0,0.0,GK,0.00,Norwich City,1996,0.0,0.0,9,0.0,0,810,0.00,0.00,0,0.00,0.00,0.00,9,0.00,0.00,0,0.00,0.00
0,29,32.2,0,1,Grant Hanley,0,1.9,DF,0.06,Norwich City,1991,0.3,1.9,33,2.1,2,2897,0.07,0.00,0,0.03,0.06,0.03,33,0.03,0.07,1,0.01,0.03
0,24,29.3,0,8,Jack Harrison,1,4.0,"FW,MF",0.14,Leeds United,1996,2.6,4.0,35,6.6,3,2639,0.22,0.03,0,0.31,0.14,0.27,32,0.31,0.22,8,0.09,0.27
0,26,4.4,0,1,Kortney Hause,0,0.1,DF,0.02,Aston Villa,1995,0.0,0.1,7,0.1,0,397,0.02,0.00,0,0.23,0.02,0.23,4,0.23,0.02,1,0.00,0.23
0,22,20.1,0,8,Kai Havertz,3,9.7,"FW,MF",0.48,Chelsea,1999,2.0,9.7,29,11.6,3,1809,0.58,0.15,0,0.55,0.48,0.40,22,0.55,0.58,8,0.10,0.40
0,26,11.1,0,1,Isaac Hayden,0,0.4,"MF,DF",0.04,Newcastle Utd,1995,0.1,0.4,14,0.5,5,1002,0.05,0.00,0,0.09,0.04,0.09,12,0.09,0.05,1,0.01,0.09
0,25,20.2,0,5,Hwang Hee-chan,1,4.0,"FW,MF",0.20,Wolves,1996,1.7,4.0,30,5.7,2,1816,0.28,0.05,0,0.30,0.20,0.25,20,0.30,0.28,5,0.08,0.25
0,31,28.9,0,2,Jordan Henderson,5,1.5,MF,0.05,Liverpool,1990,3.8,1.5,35,5.3,3,2597,0.18,0.17,0,0.24,0.05,0.07,29,0.24,0.18,2,0.13,0.07
0,29,0.8,0,1,Jeff Hendrick,0,0.0,MF,0.04,Newcastle Utd,1992,0.0,0.0,3,0.1,0,72,0.10,0.00,0,1.25,0.04,1.25,0,1.25,0.10,1,0.06,1.25
0,34,2.0,0,0,Wayne Hennessey,0,0.0,GK,0.00,Burnley,1987,0.1,0.0,2,0.1,0,180,0.06,0.00,0,0.00,0.00,0.00,2,0.00,0.06,0,0.06,0.00
0,24,30.8,0,3,Rico Henry,0,1.8,DF,0.06,Brentford,1997,1.7,1.8,34,3.5,2,2776,0.11,0.00,0,0.10,0.06,0.10,33,0.10,0.11,3,0.06,0.10
0,29,33.4,0,23,Son Heung-min,7,16.4,"FW,MF",0.49,Tottenham,1992,8.1,16.4,35,24.5,2,3006,0.73,0.21,0,0.90,0.49,0.69,35,0.90,0.73,23,0.24,0.69
0,19,3.4,0,0,Ki-Jana Hoever,0,0.0,DF,0.01,Wolves,2002,0.0,0.0,8,0.1,1,308,0.02,0.00,0,0.00,0.01,0.00,4,0.00,0.02,0,0.01,0.00
0,25,9.4,0,1,Rob Holding,0,0.3,DF,0.03,Arsenal,1995,0.0,0.3,15,0.3,4,845,0.03,0.00,1,0.11,0.03,0.11,9,0.11,0.03,1,0.00,0.11
0,24,23.7,0,2,Mason Holgate,1,1.1,DF,0.05,Everton,1996,0.1,1.1,25,1.1,7,2134,0.05,0.04,1,0.13,0.05,0.08,23,0.13,0.05,2,0.00,0.08
0,20,10.7,0,1,Callum Hudson-Odoi,2,2.1,"FW,MF",0.20,Chelsea,2000,2.3,2.1,15,4.4,1,962,0.41,0.19,0,0.28,0.20,0.09,11,0.28,0.41,1,0.21,0.09
0,26,11.7,0,0,Will Hughes,1,0.2,MF,0.01,Crystal Palace,1995,0.7,0.2,16,0.8,6,1053,0.07,0.09,0,0.09,0.01,0.00,13,0.09,0.07,0,0.06,0.00
0,25,35.5,0,2,Pierre Højbjerg,2,2.0,MF,0.06,Tottenham,1995,2.5,2.0,36,4.5,3,3196,0.13,0.06,0,0.11,0.06,0.06,36,0.11,0.13,2,0.07,0.06
0,20,6.9,0,1,Adam Idah,1,2.0,"FW,MF",0.28,Norwich City,2001,0.6,2.0,17,2.6,0,625,0.37,0.14,0,0.29,0.28,0.14,6,0.29,0.37,1,0.09,0.14
0,24,14.0,0,4,Kelechi Iheanacho,5,3.4,FW,0.25,Leicester City,1996,2.7,3.4,26,6.1,1,1264,0.44,0.36,0,0.64,0.25,0.28,13,0.64,0.44,4,0.19,0.28
1,29,21.1,1,6,Danny Ings,6,7.3,FW,0.31,Aston Villa,1992,2.0,6.6,30,8.6,4,1898,0.41,0.28,0,0.57,0.35,0.33,22,0.62,0.44,7,0.10,0.28
0,18,1.0,0,0,Tim Iroegbunam,0,0.1,MF,0.13,Aston Villa,2003,0.0,0.1,3,0.1,1,92,0.13,0.00,0,0.00,0.13,0.00,1,0.00,0.13,0,0.00,0.00
0,25,22.6,0,2,Alex Iwobi,2,1.7,"MF,DF",0.07,Everton,1996,2.8,1.7,28,4.5,1,2035,0.20,0.09,0,0.18,0.07,0.09,22,0.18,0.20,2,0.13,0.09
0,23,1.4,0,0,Daniel James,0,0.2,FW,0.17,Manchester Utd,1997,0.0,0.2,2,0.3,0,126,0.19,0.00,0,0.00,0.17,0.00,2,0.00,0.19,0,0.01,0.00
0,23,26.3,0,4,Daniel James,4,5.7,"FW,MF",0.22,Leeds United,1997,2.4,5.7,32,8.1,7,2366,0.31,0.15,1,0.30,0.22,0.15,29,0.30,0.31,4,0.09,0.15
0,21,20.7,0,5,Reece James,9,2.6,DF,0.12,Chelsea,1999,5.7,2.6,26,8.3,4,1864,0.40,0.43,1,0.68,0.12,0.24,22,0.68,0.40,5,0.28,0.24
0,23,25.5,0,4,Vitaly Janelt,0,2.6,MF,0.10,Brentford,1998,2.2,2.6,31,4.8,3,2298,0.19,0.00,0,0.16,0.10,0.16,27,0.16,0.19,4,0.09,0.16
0,30,36.9,0,3,Pontus Jansson,1,2.9,DF,0.08,Brentford,1991,0.5,2.9,37,3.4,7,3321,0.09,0.03,0,0.11,0.08,0.08,37,0.11,0.09,3,0.01,0.08
0,25,17.8,0,0,Mathias Jensen,1,2.5,MF,0.14,Brentford,1996,3.6,2.5,31,6.1,0,1601,0.34,0.06,0,0.06,0.14,0.00,19,0.06,0.34,0,0.20,0.00
1,24,20.9,1,7,Gabriel Jesus,8,10.1,FW,0.45,Manchester City,1997,5.4,9.4,28,14.7,1,1877,0.71,0.38,0,0.72,0.49,0.38,21,0.77,0.74,8,0.26,0.34
1,30,29.2,1,5,Raúl Jiménez,4,6.6,FW,0.21,Wolves,1991,2.7,6.1,34,8.7,9,2631,0.30,0.14,2,0.31,0.23,0.21,30,0.34,0.32,6,0.09,0.17
0,24,28.4,0,4,Joelinton,1,4.1,"MF,FW",0.15,Newcastle Utd,1996,1.8,4.1,35,6.0,8,2558,0.21,0.04,0,0.18,0.15,0.14,30,0.18,0.21,4,0.06,0.14
0,21,15.5,0,1,Ben Johnson,0,0.1,DF,0.01,West Ham,2000,0.8,0.1,20,0.9,1,1397,0.06,0.00,0,0.06,0.01,0.06,16,0.06,0.06,1,0.05,0.06
0,20,9.5,0,1,Curtis Jones,1,0.9,MF,0.10,Liverpool,2001,0.6,0.9,15,1.6,0,851,0.16,0.11,0,0.21,0.10,0.11,10,0.21,0.16,1,0.07,0.11
0,29,1.8,0,0,Phil Jones,0,0.0,DF,0.00,Manchester Utd,1992,0.0,0.0,4,0.0,0,163,0.01,0.00,0,0.00,0.00,0.00,2,0.00,0.01,0,0.01,0.00
6,29,25.3,7,0,Jorginho,2,5.7,MF,0.02,Chelsea,1991,2.8,0.4,29,3.2,5,2273,0.13,0.08,0,0.08,0.23,0.24,26,0.32,0.34,6,0.11,0.00
0,24,26.3,0,15,Diogo Jota,4,16.1,FW,0.61,Liverpool,1996,5.5,16.1,35,21.6,3,2364,0.82,0.15,0,0.72,0.61,0.57,27,0.72,0.82,15,0.21,0.57
0,23,11.1,0,0,James Justin,0,0.6,DF,0.06,Leicester City,1998,1.0,0.6,13,1.6,0,998,0.14,0.00,0,0.00,0.06,0.00,11,0.00,0.14,0,0.09,0.00
0,31,5.8,0,1,Mathias Jørgensen,0,0.1,DF,0.02,Brentford,1990,0.1,0.1,8,0.2,2,518,0.03,0.00,0,0.17,0.02,0.17,6,0.17,0.03,1,0.02,0.17
0,21,10.2,0,0,Ozan Kabak,0,0.2,DF,0.02,Norwich City,2000,0.0,0.2,11,0.2,2,922,0.02,0.00,0,0.00,0.02,0.00,11,0.00,0.02,0,0.00,0.00
0,30,13.3,0,0,Christian Kabasele,0,0.7,DF,0.05,Watford,1991,0.0,0.7,16,0.8,0,1193,0.06,0.00,0,0.00,0.05,0.00,12,0.00,0.06,0,0.00,0.00
0,23,2.5,0,0,Samuel Kalu,0,0.3,FW,0.12,Watford,1997,0.2,0.3,4,0.4,0,222,0.18,0.00,0,0.00,0.12,0.00,2,0.00,0.18,0,0.06,0.00
0,27,18.0,0,1,Hassane Kamara,0,0.2,DF,0.01,Watford,1994,0.4,0.2,19,0.6,5,1623,0.03,0.00,1,0.06,0.01,0.06,18,0.06,0.03,1,0.02,0.06
4,28,35.9,4,13,Harry Kane,9,20.1,FW,0.48,Tottenham,1993,9.0,17.1,37,26.1,5,3232,0.73,0.25,0,0.61,0.56,0.47,36,0.72,0.81,17,0.25,0.36
0,30,19.7,0,2,N'Golo Kanté,4,1.8,MF,0.09,Chelsea,1991,2.3,1.8,26,4.2,2,1773,0.21,0.20,0,0.30,0.09,0.10,21,0.30,0.21,2,0.12,0.10
0,23,8.9,0,0,Edo Kayembe,0,0.2,MF,0.02,Watford,1998,0.3,0.2,13,0.5,0,799,0.06,0.00,0,0.00,0.02,0.00,9,0.00,0.06,0,0.03,0.00
0,21,0.0,0,0,Moise Kean,0,0.0,FW,0.00,Everton,2000,0.0,0.0,1,0.0,0,1,0.00,0.00,0,0.00,0.00,0.00,0,0.00,0.00,0,0.00,0.00
0,28,31.0,0,3,Michael Keane,2,1.2,DF,0.04,Everton,1993,0.6,1.2,32,1.8,4,2792,0.06,0.06,1,0.16,0.04,0.10,31,0.16,0.06,3,0.02,0.10
0,26,13.0,0,3,Naby Keïta,1,2.3,MF,0.18,Liverpool,1995,1.6,2.3,23,3.9,3,1173,0.30,0.08,0,0.31,0.18,0.23,14,0.31,0.30,3,0.12,0.23
0,22,2.0,0,0,Caoimhín Kelleher,0,0.0,GK,0.00,Liverpool,1998,0.0,0.0,2,0.0,0,180,0.00,0.00,0,0.00,0.00,0.00,2,0.00,0.00,0,0.00,0.00
0,25,0.6,0,0,Kenedy,1,0.1,DF,0.13,Chelsea,1996,0.9,0.1,1,1.0,0,58,1.48,1.55,0,1.55,0.13,0.00,1,1.55,1.48,0,1.35,0.00
0,24,11.3,0,0,Jonjoe Kenny,1,0.3,DF,0.03,Everton,1997,0.5,0.3,15,0.9,3,1018,0.08,0.09,1,0.09,0.03,0.00,11,0.09,0.08,0,0.05,0.00
0,24,29.9,0,1,Max Kilman,0,1.0,DF,0.03,Wolves,1997,0.0,1.0,30,1.0,3,2687,0.03,0.00,0,0.03,0.03,0.03,30,0.03,0.03,1,0.00,0.03
1,29,25.0,1,4,Joshua King,3,8.0,FW,0.29,Watford,1992,3.2,7.2,32,10.4,5,2248,0.42,0.12,0,0.28,0.32,0.20,27,0.32,0.45,5,0.13,0.16
0,20,0.4,0,0,Kristoffer Klaesson,0,0.0,GK,0.00,Leeds United,2000,0.0,0.0,1,0.0,0,36,0.00,0.00,0,0.00,0.00,0.00,0,0.00,0.00,0,0.00,0.00
0,31,23.0,0,1,Mateusz Klich,2,2.7,MF,0.12,Leeds United,1990,2.2,2.7,33,4.9,5,2073,0.21,0.09,0,0.13,0.12,0.04,26,0.13,0.21,1,0.09,0.04
0,25,17.5,0,0,Robin Koch,0,0.7,"MF,DF",0.04,Leeds United,1996,0.5,0.7,20,1.3,3,1574,0.07,0.00,0,0.00,0.04,0.00,17,0.00,0.07,0,0.03,0.00
0,28,1.0,0,0,Sead Kolašinac,0,0.0,DF,0.00,Arsenal,1993,0.0,0.0,2,0.0,1,91,0.00,0.00,0,0.00,0.00,0.00,1,0.00,0.00,0,0.00,0.00
0,22,11.0,0,0,Ibrahima Konaté,0,0.3,DF,0.02,Liverpool,1999,0.1,0.3,11,0.4,2,990,0.03,0.00,0,0.00,0.02,0.00,11,0.00,0.03,0,0.01,0.00
0,23,27.5,0,2,Ezri Konsa,0,1.5,DF,0.05,Aston Villa,1997,0.3,1.5,29,1.7,6,2477,0.06,0.00,2,0.07,0.05,0.07,29,0.07,0.06,2,0.01,0.07
0,31,21.9,0,0,Cheikhou Kouyaté,1,0.6,MF,0.03,Crystal Palace,1989,0.7,0.6,27,1.3,3,1974,0.06,0.05,0,0.05,0.03,0.00,23,0.05,0.06,0,0.03,0.00
0,27,17.3,0,2,Mateo Kovačić,5,1.8,MF,0.11,Chelsea,1994,3.6,1.8,25,5.5,4,1558,0.32,0.29,0,0.40,0.11,0.12,16,0.40,0.32,2,0.21,0.12
0,26,18.2,0,0,Emil Krafth,1,0.2,DF,0.01,Newcastle Utd,1994,0.8,0.2,20,1.0,5,1634,0.06,0.06,0,0.06,0.01,0.00,18,0.06,0.06,0,0.04,0.00
0,23,0.0,0,0,Alex Král,0,0.0,MF,0.00,West Ham,1998,0.0,0.0,1,0.0,0,1,0.00,0.00,0,0.00,0.00,0.00,0,0.00,0.00,0,0.00,0.00
0,33,29.0,0,0,Tim Krul,0,0.0,GK,0.00,Norwich City,1988,0.4,0.0,29,0.4,1,2610,0.01,0.00,0,0.00,0.00,0.00,29,0.00,0.01,0,0.01,0.00
0,34,21.3,0,1,Juraj Kucka,1,3.1,MF,0.15,Watford,1987,0.9,3.1,26,4.1,5,1920,0.19,0.05,1,0.09,0.15,0.05,22,0.09,0.19,1,0.04,0.05
0,21,14.0,0,5,Dejan Kulusevski,8,3.4,"MF,FW",0.24,Tottenham,2000,3.5,3.4,18,6.9,3,1261,0.50,0.57,0,0.93,0.24,0.36,14,0.93,0.50,5,0.25,0.36
2,30,19.8,3,2,Alexandre Lacazette,7,7.9,"FW,MF",0.28,Arsenal,1991,1.9,5.6,30,7.6,0,1782,0.38,0.35,0,0.45,0.40,0.20,20,0.56,0.50,4,0.10,0.10
0,33,17.3,0,0,Adam Lallana,1,1.2,MF,0.07,Brighton,1988,0.7,1.2,24,1.9,4,1561,0.11,0.06,0,0.06,0.07,0.00,18,0.06,0.11,0,0.04,0.00
0,20,17.3,0,0,Tariq Lamptey,2,0.8,"DF,FW",0.05,Brighton,2000,2.2,0.8,30,3.0,4,1561,0.17,0.12,0,0.12,0.05,0.00,16,0.12,0.17,0,0.13,0.00
3,28,19.8,3,2,Manuel Lanzini,3,3.4,"MF,FW",0.06,West Ham,1993,2.2,1.1,30,3.3,2,1786,0.17,0.15,0,0.25,0.17,0.25,19,0.40,0.28,5,0.11,0.10
0,27,31.4,0,4,Aymeric Laporte,0,4.4,DF,0.14,Manchester City,1994,0.5,4.4,33,4.9,5,2828,0.16,0.00,1,0.13,0.14,0.13,33,0.13,0.16,4,0.02,0.13
0,27,22.9,0,1,Jamaal Lascelles,0,1.1,DF,0.05,Newcastle Utd,1993,0.3,1.1,26,1.3,5,2058,0.06,0.00,0,0.04,0.05,0.04,22,0.04,0.06,1,0.01,0.04
0,28,25.2,0,1,Pierre Lees-Melou,0,1.6,MF,0.06,Norwich City,1993,1.8,1.6,33,3.4,5,2265,0.14,0.00,0,0.04,0.06,0.04,27,0.04,0.14,1,0.07,0.04
0,34,17.2,0,2,Aaron Lennon,0,1.1,MF,0.06,Burnley,1987,0.5,1.1,28,1.6,2,1551,0.09,0.00,0,0.12,0.06,0.12,17,0.12,0.09,2,0.03,0.12
0,29,4.0,0,0,Bernd Leno,0,0.0,GK,0.00,Arsenal,1992,0.0,0.0,4,0.0,0,360,0.00,0.00,0,0.00,0.00,0.00,4,0.00,0.00,0,0.00,0.00
0,23,2.9,0,0,Jamal Lewis,0,0.0,DF,0.00,Newcastle Utd,1998,0.0,0.0,5,0.0,1,262,0.01,0.00,0,0.00,0.00,0.00,4,0.00,0.01,0,0.01,0.00
0,27,26.2,0,0,Victor Lindelöf,2,0.3,DF,0.01,Manchester Utd,1994,0.5,0.3,28,0.8,4,2355,0.03,0.08,0,0.08,0.01,0.00,26,0.08,0.03,0,0.02,0.00
0,28,4.1,0,2,Jesse Lingard,0,0.7,"FW,MF",0.17,Manchester Utd,1992,0.4,0.7,16,1.1,1,367,0.26,0.00,0,0.49,0.17,0.49,2,0.49,0.26,2,0.10,0.49
0,18,24.5,0,1,Valentino Livramento,1,1.2,DF,0.05,Southampton,2002,2.3,1.2,28,3.4,2,2202,0.14,0.04,0,0.08,0.05,0.04,25,0.08,0.14,1,0.09,0.04
0,27,26.0,0,3,Diego Llorente,0,1.4,DF,0.05,Leeds United,1993,0.1,1.4,28,1.4,7,2340,0.05,0.00,0,0.12,0.05,0.12,28,0.12,0.05,3,0.00,0.12
0,34,38.0,0,0,Hugo Lloris,0,0.0,GK,0.00,Tottenham,1986,0.5,0.0,38,0.5,2,3420,0.01,0.00,0,0.00,0.00,0.00,38,0.00,0.01,0,0.01,0.00
0,25,2.6,0,0,Giovani Lo Celso,0,0.7,"MF,FW",0.28,Tottenham,1996,0.6,0.7,9,1.4,0,238,0.52,0.00,0,0.00,0.28,0.00,2,0.00,0.52,0,0.24,0.00
0,27,0.3,0,0,Jürgen Locadia,0,0.1,FW,0.45,Brighton,1993,0.0,0.1,1,0.1,0,23,0.45,0.00,0,0.00,0.45,0.00,0,0.00,0.45,0,0.00,0.00
0,25,15.5,0,0,Ruben Loftus-Cheek,2,1.2,"MF,DF",0.08,Chelsea,1996,1.9,1.2,24,3.1,1,1394,0.20,0.13,0,0.13,0.08,0.00,13,0.13,0.20,0,0.12,0.00
0,30,4.6,0,0,Kevin Long,0,0.2,DF,0.03,Burnley,1990,0.0,0.2,6,0.2,1,410,0.03,0.00,0,0.00,0.03,0.00,4,0.00,0.03,0,0.00,0.00
0,34,3.4,0,1,Shane Long,0,1.0,FW,0.29,Southampton,1987,0.1,1.0,13,1.1,1,308,0.32,0.00,0,0.29,0.29,0.29,3,0.29,0.32,1,0.03,0.29
0,23,16.3,0,1,Sean Longstaff,1,1.2,MF,0.07,Newcastle Utd,1997,0.7,1.2,24,1.9,1,1464,0.12,0.06,0,0.12,0.07,0.06,15,0.12,0.12,1,0.04,0.06
0,23,16.1,0,6,Ademola Lookman,0,5.1,"FW,MF",0.31,Leicester City,1997,1.9,5.1,26,6.9,2,1453,0.43,0.00,0,0.37,0.31,0.37,16,0.37,0.43,6,0.12,0.37
0,32,2.0,0,0,Jonas Lössl,0,0.0,GK,0.00,Brentford,1989,0.0,0.0,2,0.0,0,180,0.00,0.00,0,0.00,0.00,0.00,2,0.00,0.00,0,0.00,0.00
0,22,15.7,0,0,Imran Louza,0,1.1,MF,0.07,Watford,1999,1.0,1.1,20,2.1,6,1416,0.14,0.00,0,0.00,0.07,0.00,17,0.00,0.14,0,0.07,0.00
0,32,19.7,0,1,Matthew Lowton,2,0.6,DF,0.03,Burnley,1989,1.3,0.6,25,1.9,3,1772,0.10,0.10,1,0.15,0.03,0.05,20,0.15,0.10,1,0.07,0.05
0,23,30.2,0,2,Douglas Luiz,3,2.0,MF,0.07,Aston Villa,1998,2.5,2.0,34,4.5,7,2715,0.15,0.10,0,0.17,0.07,0.07,31,0.17,0.15,2,0.08,0.07
1,28,17.7,1,7,Romelu Lukaku,0,6.8,FW,0.34,Chelsea,1993,3.0,6.1,26,9.0,1,1589,0.51,0.00,0,0.40,0.39,0.45,16,0.45,0.55,8,0.17,0.40
0,24,10.1,0,0,Lyanco,0,0.2,DF,0.02,Southampton,1997,0.1,0.2,15,0.4,2,911,0.04,0.00,0,0.00,0.02,0.00,9,0.00,0.04,0,0.01,0.00
2,22,23.6,3,3,Alexis Mac Allister,2,6.5,"MF,FW",0.18,Brighton,1998,1.5,4.2,33,5.7,4,2123,0.24,0.08,0,0.21,0.28,0.21,22,0.30,0.34,5,0.06,0.13
0,24,27.3,0,12,James Maddison,8,8.2,"MF,FW",0.30,Leicester City,1996,4.8,8.2,35,13.0,3,2459,0.48,0.29,0,0.73,0.30,0.44,28,0.73,0.48,12,0.18,0.44
0,28,27.9,0,1,Harry Maguire,0,1.7,DF,0.06,Manchester Utd,1993,0.2,1.7,30,1.9,9,2515,0.07,0.00,1,0.04,0.06,0.04,28,0.04,0.07,1,0.01,0.04
4,30,16.6,5,7,Riyad Mahrez,5,10.1,FW,0.38,Manchester City,1991,3.7,6.3,28,10.0,0,1498,0.60,0.30,0,0.72,0.61,0.66,15,0.96,0.83,11,0.22,0.42
0,23,3.0,0,0,Ainsley Maitland-Niles,0,0.0,MF,0.01,Arsenal,1997,0.3,0.0,8,0.4,0,268,0.13,0.00,0,0.00,0.01,0.00,2,0.00,0.13,0,0.12,0.00
0,29,31.3,0,16,Sadio Mané,2,16.7,FW,0.53,Liverpool,1992,4.4,16.7,34,21.1,5,2819,0.67,0.06,0,0.57,0.53,0.51,32,0.57,0.67,16,0.14,0.51
0,27,14.0,0,1,Javier Manquillo,2,0.5,DF,0.03,Newcastle Utd,1994,0.3,0.5,19,0.8,5,1257,0.06,0.14,0,0.21,0.03,0.07,15,0.21,0.06,1,0.02,0.07
0,32,16.1,0,0,Fernando Marçal,0,0.5,DF,0.03,Wolves,1989,0.7,0.5,18,1.2,3,1449,0.08,0.00,0,0.00,0.03,0.00,17,0.00,0.08,0,0.04,0.00
0,27,19.4,0,0,Solly March,2,1.5,"DF,FW",0.08,Brighton,1994,2.7,1.5,31,4.3,1,1746,0.22,0.10,0,0.10,0.08,0.00,17,0.10,0.22,0,0.14,0.00
0,27,2.0,0,0,Pablo Marí,0,0.3,DF,0.15,Arsenal,1993,0.1,0.3,2,0.4,1,180,0.21,0.00,0,0.00,0.15,0.00,2,0.00,0.21,0,0.05,0.00
0,25,2.4,0,1,Anthony Martial,0,0.4,FW,0.19,Manchester Utd,1995,0.1,0.4,8,0.6,0,212,0.25,0.00,0,0.42,0.19,0.42,2,0.42,0.25,1,0.06,0.42
1,20,20.7,1,5,Martinelli,6,7.2,"FW,MF",0.31,Arsenal,2001,3.3,6.5,29,9.8,3,1860,0.47,0.29,1,0.53,0.35,0.29,21,0.58,0.51,6,0.16,0.24
0,28,36.0,0,0,Emiliano Martínez,0,0.0,GK,0.00,Aston Villa,1992,0.0,0.0,36,0.0,4,3240,0.00,0.00,0,0.00,0.00,0.00,36,0.00,0.00,0,0.00,0.00
0,27,12.0,0,0,Adam Masina,1,0.4,DF,0.03,Watford,1994,0.7,0.4,15,1.1,0,1077,0.09,0.08,0,0.08,0.03,0.00,13,0.08,0.09,0,0.06,0.00
0,27,7.2,0,1,Arthur Masuaku,1,0.1,"DF,FW",0.01,West Ham,1993,0.9,0.1,13,1.0,1,650,0.14,0.14,0,0.28,0.01,0.14,6,0.28,0.14,1,0.12,0.14
0,33,2.6,0,0,Juan Mata,0,0.3,MF,0.11,Manchester Utd,1988,0.2,0.3,7,0.5,0,235,0.17,0.00,0,0.00,0.11,0.00,2,0.00,0.17,0,0.06,0.00
0,24,12.7,0,5,Jean-Philippe Mateta,1,5.5,FW,0.43,Crystal Palace,1997,1.3,5.5,22,6.8,2,1145,0.54,0.08,0,0.47,0.43,0.39,13,0.47,0.54,5,0.11,0.39
0,32,15.4,0,0,Nemanja Matić,4,0.2,MF,0.01,Manchester Utd,1988,1.8,0.2,23,1.9,3,1382,0.13,0.26,0,0.26,0.01,0.00,16,0.26,0.13,0,0.12,0.00
0,29,31.0,0,3,Joël Matip,3,3.1,DF,0.10,Liverpool,1991,1.2,3.1,31,4.3,2,2790,0.14,0.10,0,0.19,0.10,0.10,31,0.19,0.14,3,0.04,0.10
1,24,25.3,2,7,Neal Maupay,2,7.7,FW,0.24,Brighton,1996,2.2,6.2,32,8.4,7,2276,0.33,0.08,0,0.36,0.30,0.32,25,0.40,0.39,8,0.09,0.28
1,21,32.3,1,3,Bryan Mbeumo,7,9.7,FW,0.28,Brentford,1999,3.6,9.0,35,12.5,4,2905,0.39,0.22,0,0.31,0.30,0.12,34,0.34,0.41,4,0.11,0.09
0,33,16.0,0,0,James McArthur,3,0.3,MF,0.02,Crystal Palace,1987,1.0,0.3,21,1.4,4,1439,0.08,0.19,0,0.19,0.02,0.00,15,0.19,0.08,0,0.06,0.00
0,18,0.2,0,0,James Mcatee,0,0.0,"MF,FW",0.19,Manchester City,2002,0.0,0.0,2,0.0,0,20,0.19,0.00,0,0.00,0.19,0.00,0,0.00,0.19,0,0.00,0.00
0,19,0.0,0,0,Kasey McAteer,0,0.0,FW,0.00,Leicester City,2001,0.0,0.0,1,0.0,0,3,0.00,0.00,0,0.00,0.00,0.00,0,0.00,0.00,0,0.00,0.00
0,20,0.1,0,0,Liam McCarron,0,0.0,FW,0.00,Leeds United,2001,0.0,0.0,1,0.0,0,10,0.00,0.00,0,0.00,0.00,0.00,0,0.00,0.00,0,0.00,0.00
0,31,17.0,0,0,Alex McCarthy,0,0.0,GK,0.00,Southampton,1989,0.0,0.0,17,0.0,1,1530,0.00,0.00,0,0.00,0.00,0.00,17,0.00,0.00,0,0.00,0.00
0,26,34.3,0,3,John McGinn,4,1.5,MF,0.04,Aston Villa,1994,4.9,1.5,35,6.4,8,3090,0.19,0.12,0,0.20,0.04,0.09,35,0.20,0.19,3,0.14,0.09
0,18,0.0,0,0,Stuart McKinstry,0,0.0,MF,0.00,Leeds United,2002,0.0,0.0,1,0.0,0,4,0.00,0.00,0,0.00,0.00,0.00,0,0.00,0.00,0,0.00,0.00
0,29,30.1,0,1,Kenny McLean,0,1.9,MF,0.06,Norwich City,1992,0.7,1.9,31,2.6,3,2706,0.09,0.00,0,0.03,0.06,0.03,29,0.03,0.09,1,0.02,0.03
0,21,34.5,0,0,Dwight McNeil,1,2.3,MF,0.07,Burnley,1999,4.8,2.3,38,7.1,1,3107,0.21,0.03,0,0.03,0.07,0.00,35,0.03,0.21,0,0.14,0.00
0,24,26.5,0,1,Scott McTominay,1,1.5,MF,0.06,Manchester Utd,1996,1.8,1.5,30,3.3,9,2387,0.12,0.04,0,0.08,0.06,0.04,28,0.08,0.12,1,0.07,0.04
0,31,20.4,0,3,Ben Mee,0,1.8,DF,0.09,Burnley,1989,0.1,1.8,21,1.9,3,1839,0.09,0.00,0,0.15,0.09,0.15,21,0.15,0.09,3,0.00,0.15
0,18,0.8,0,0,Hannibal Mejbri,0,0.1,FW,0.12,Manchester Utd,2003,0.0,0.1,2,0.1,2,68,0.12,0.00,0,0.00,0.12,0.00,1,0.00,0.12,0,0.00,0.00
0,27,0.9,0,0,Benjamin Mendy,0,0.0,DF,0.00,Manchester City,1994,0.3,0.0,1,0.3,0,78,0.30,0.00,0,0.00,0.00,0.00,1,0.00,0.30,0,0.30,0.00
0,29,34.0,0,0,Edouard Mendy,0,0.0,GK,0.00,Chelsea,1992,0.0,0.0,34,0.0,3,3060,0.00,0.00,0,0.00,0.00,0.00,34,0.00,0.00,0,0.00,0.00
0,29,11.5,0,0,Nampalys Mendy,0,0.0,MF,0.00,Leicester City,1992,0.0,0.0,14,0.0,3,1032,0.00,0.00,0,0.00,0.00,0.00,12,0.00,0.00,0,0.00,0.00
0,21,37.6,0,0,Illan Meslier,0,0.0,GK,0.00,Leeds United,2000,0.0,0.0,38,0.0,2,3384,0.00,0.00,0,0.00,0.00,0.00,38,0.00,0.00,0,0.00,0.00
0,30,8.6,0,0,Luka Milivojević,0,0.2,MF,0.03,Crystal Palace,1991,0.8,0.2,15,1.0,1,774,0.12,0.00,0,0.00,0.03,0.00,9,0.00,0.12,0,0.09,0.00
0,35,9.5,0,0,James Milner,1,0.3,"MF,DF",0.03,Liverpool,1986,2.2,0.3,24,2.4,2,853,0.26,0.11,0,0.11,0.03,0.00,9,0.11,0.26,0,0.23,0.00
0,26,9.4,0,0,Yerry Mina,0,0.3,DF,0.03,Everton,1994,0.0,0.3,13,0.3,3,846,0.03,0.00,0,0.00,0.03,0.00,11,0.00,0.03,0,0.00,0.00
0,26,2.1,0,3,Takumi Minamino,0,1.8,"FW,MF",0.88,Liverpool,1995,0.5,1.8,11,2.3,1,186,1.13,0.00,0,1.45,0.88,1.45,1,1.45,1.13,3,0.25,1.45
0,28,35.4,0,1,Tyrone Mings,3,1.4,DF,0.04,Aston Villa,1993,1.5,1.4,36,2.9,11,3189,0.08,0.08,0,0.11,0.04,0.03,35,0.11,0.08,1,0.04,0.03
0,21,34.5,0,0,Tyrick Mitchell,2,0.3,DF,0.01,Crystal Palace,1999,1.3,0.3,36,1.6,1,3101,0.05,0.06,0,0.06,0.01,0.00,35,0.06,0.05,0,0.04,0.00
0,22,18.9,0,0,Jakub Moder,3,2.4,"MF,FW",0.13,Brighton,1999,1.7,2.4,28,4.1,1,1701,0.22,0.16,0,0.16,0.13,0.00,19,0.16,0.22,0,0.09,0.00
0,24,0.0,0,0,Wesley Moraes,0,0.0,FW,0.00,Aston Villa,1996,0.0,0.0,1,0.0,0,1,0.00,0.00,0,0.00,0.00,0.00,0,0.00,0.00,0,0.00,0.00
0,18,0.7,0,0,Tyler Morton,0,0.0,MF,0.00,Liverpool,2002,0.0,0.0,2,0.0,1,66,0.00,0.00,0,0.00,0.00,0.00,1,0.00,0.00,0,0.00,0.00
1,22,26.3,1,10,Mason Mount,10,8.9,"MF,FW",0.31,Chelsea,1999,6.7,8.1,32,14.8,4,2363,0.56,0.38,0,0.76,0.34,0.42,27,0.80,0.59,11,0.25,0.38
0,28,19.7,0,2,Lucas Moura,6,3.7,"FW,MF",0.19,Tottenham,1992,4.4,3.7,34,8.1,4,1775,0.41,0.30,0,0.41,0.19,0.10,19,0.41,0.41,2,0.23,0.10
0,34,33.0,0,2,João Moutinho,1,1.0,MF,0.03,Wolves,1986,2.4,1.0,35,3.5,4,2970,0.11,0.03,0,0.09,0.03,0.06,34,0.09,0.11,2,0.07,0.06
0,19,0.5,0,0,Bali Mumba,0,0.0,DF,0.00,Norwich City,2001,0.0,0.0,1,0.0,0,45,0.00,0.00,0,0.00,0.00,0.00,0,0.00,0.00,0,0.00,0.00
0,26,16.4,0,1,Jacob Murphy,2,2.9,"FW,DF",0.18,Newcastle Utd,1995,2.1,2.9,33,5.0,4,1473,0.31,0.12,0,0.18,0.18,0.06,13,0.18,0.31,1,0.13,0.06
0,23,11.1,0,2,Enock Mwepu,4,1.9,"MF,FW",0.17,Brighton,1998,1.4,1.9,18,3.2,2,996,0.29,0.36,0,0.54,0.17,0.18,12,0.54,0.29,2,0.12,0.18
0,22,11.7,0,1,Vitaliy Mykolenko,0,0.8,DF,0.07,Everton,1999,0.8,0.8,13,1.6,0,1055,0.14,0.00,0,0.09,0.07,0.09,12,0.09,0.14,1,0.07,0.09
0,27,10.0,0,0,Marvelous Nakamba,0,0.0,MF,0.00,Aston Villa,1994,0.1,0.0,16,0.1,5,904,0.01,0.00,0,0.00,0.00,0.00,10,0.00,0.01,0,0.01,0.00
0,24,18.0,0,0,Wilfred Ndidi,0,1.0,"MF,DF",0.06,Leicester City,1996,0.0,1.0,19,1.0,4,1618,0.06,0.00,0,0.00,0.06,0.00,18,0.00,0.06,0,0.00,0.00
0,24,5.4,0,1,Tanguy Ndombele,1,0.5,MF,0.09,Tottenham,1996,0.4,0.5,9,0.9,1,484,0.16,0.19,0,0.37,0.09,0.19,6,0.37,0.16,1,0.07,0.19
0,21,0.2,0,0,Reiss Nelson,0,0.0,FW,0.16,Arsenal,1999,0.0,0.0,1,0.1,0,20,0.35,0.00,0,0.00,0.16,0.00,0,0.00,0.35,0,0.18,0.00
0,21,5.2,0,1,Pedro Neto,1,1.5,"FW,MF",0.29,Wolves,2000,1.1,1.5,13,2.6,3,466,0.51,0.19,0,0.39,0.29,0.19,5,0.39,0.51,1,0.22,0.19
0,24,29.6,0,4,Rúben Neves,2,1.2,MF,0.04,Wolves,1997,2.2,1.2,33,3.4,9,2661,0.12,0.07,0,0.20,0.04,0.14,31,0.20,0.12,4,0.07,0.14
0,20,10.0,0,0,Jeremy Ngakia,0,0.1,DF,0.01,Watford,2000,0.5,0.1,16,0.6,0,903,0.06,0.00,0,0.00,0.01,0.00,9,0.00,0.06,0,0.05,0.00
0,26,5.3,0,0,Saúl Ñíguez,0,0.2,"MF,DF",0.04,Chelsea,1994,0.3,0.2,10,0.5,1,480,0.10,0.00,0,0.00,0.04,0.00,5,0.00,0.10,0,0.06,0.00
0,22,9.3,0,5,Eddie Nketiah,1,4.6,FW,0.50,Arsenal,1999,1.4,4.6,21,6.1,3,835,0.65,0.11,0,0.65,0.50,0.54,8,0.65,0.65,5,0.16,0.54
0,31,1.9,0,0,Nicolas Nkoulou,0,0.0,DF,0.00,Watford,1990,0.0,0.0,3,0.0,0,168,0.01,0.00,0,0.00,0.00,0.00,2,0.00,0.01,0,0.01,0.00
1,34,3.7,2,0,Mark Noble,0,1.5,MF,0.00,West Ham,1987,0.2,0.0,11,0.2,0,332,0.06,0.00,0,0.00,0.41,0.27,3,0.27,0.47,1,0.06,0.00
0,25,18.3,0,1,Mathias Normann,2,0.9,MF,0.05,Norwich City,1996,1.8,0.9,23,2.8,6,1645,0.15,0.11,0,0.16,0.05,0.05,20,0.16,0.15,1,0.10,0.05
0,27,33.9,0,3,Christian Nørgaard,4,3.2,MF,0.09,Brentford,1994,3.1,3.2,35,6.3,8,3054,0.19,0.12,0,0.21,0.09,0.09,35,0.21,0.19,3,0.09,0.09
0,33,10.2,0,1,Angelo Ogbonna,0,0.3,DF,0.03,West Ham,1988,0.0,0.3,11,0.3,1,921,0.03,0.00,0,0.10,0.03,0.10,11,0.10,0.03,1,0.00,0.10
0,19,12.7,0,2,Michael Olise,5,1.4,"FW,MF",0.11,Crystal Palace,2001,3.4,1.4,26,4.8,4,1141,0.38,0.39,0,0.55,0.11,0.16,12,0.55,0.38,2,0.27,0.16
0,31,1.0,0,0,Robin Olsen,0,0.0,GK,0.00,Aston Villa,1990,0.0,0.0,1,0.0,0,90,0.00,0.00,0,0.00,0.00,0.00,1,0.00,0.00,0,0.00,0.00
0,19,4.2,0,1,Andrew Omobamidele,0,0.3,DF,0.08,Norwich City,2002,0.0,0.3,5,0.3,1,382,0.08,0.00,0,0.24,0.08,0.24,4,0.24,0.08,1,0.00,0.24
0,18,0.3,0,0,Tyler Onyango,0,0.0,"MF,FW",0.10,Everton,2003,0.0,0.0,3,0.0,0,28,0.10,0.00,0,0.00,0.10,0.00,0,0.00,0.10,0,0.00,0.00
0,23,11.6,0,0,Frank Onyeka,0,1.1,MF,0.10,Brentford,1998,0.2,1.1,20,1.3,4,1045,0.11,0.00,0,0.00,0.10,0.00,12,0.00,0.11,0,0.02,0.00
0,26,1.5,0,3,Divock Origi,0,1.6,FW,1.08,Liverpool,1995,0.0,1.6,7,1.6,0,133,1.08,0.00,0,2.03,1.08,2.03,0,2.03,1.08,3,0.00,2.03
0,27,8.7,0,2,Alex Oxlade-Chamberlain,1,1.2,"MF,FW",0.14,Liverpool,1993,0.9,1.2,17,2.1,0,785,0.24,0.11,0,0.34,0.14,0.23,9,0.34,0.24,2,0.11,0.23
0,19,1.4,0,0,Cole Palmer,0,0.3,"FW,MF",0.23,Manchester City,2002,0.2,0.3,4,0.5,0,123,0.39,0.00,0,0.00,0.23,0.00,1,0.00,0.39,0,0.17,0.00
0,26,0.1,0,0,Emerson Palmieri,0,0.0,DF,0.00,Chelsea,1994,0.0,0.0,1,0.0,0,5,0.00,0.00,0,0.00,0.00,0.00,0,0.00,0.00,0,0.00,0.00
0,28,22.5,0,2,Thomas Partey,1,2.5,MF,0.11,Arsenal,1993,1.3,2.5,24,3.8,6,2028,0.17,0.04,0,0.13,0.11,0.09,23,0.13,0.17,2,0.06,0.09
0,19,18.3,0,3,João Pedro,1,4.2,"FW,MF",0.23,Watford,2001,2.6,4.2,28,6.8,1,1644,0.37,0.05,0,0.22,0.23,0.16,15,0.22,0.37,3,0.14,0.16
0,26,7.7,0,1,Nicolas Pépé,2,2.9,"FW,MF",0.38,Arsenal,1995,1.7,2.9,20,4.6,0,696,0.60,0.26,0,0.39,0.38,0.13,5,0.39,0.60,1,0.22,0.13
0,27,11.0,0,1,Ricardo Pereira,3,0.7,DF,0.06,Leicester City,1993,1.3,0.7,14,2.0,3,991,0.18,0.27,0,0.36,0.06,0.09,13,0.36,0.18,1,0.12,0.09
0,28,4.9,0,2,Ayoze Pérez,3,1.5,"MF,FW",0.31,Leicester City,1993,0.9,1.5,14,2.4,0,445,0.49,0.61,1,1.01,0.31,0.40,6,1.01,0.49,2,0.18,0.40
0,17,0.0,0,0,Sonny Perkins,0,0.0,FW,0.00,West Ham,2004,0.0,0.0,1,0.0,0,4,0.00,0.00,0,0.00,0.00,0.00,0,0.00,0.00,0,0.00,0.00
0,23,18.0,0,0,Romain Perraud,1,0.9,DF,0.05,Southampton,1997,0.6,0.9,20,1.5,3,1623,0.08,0.06,0,0.06,0.05,0.00,18,0.06,0.08,0,0.03,0.00
0,25,17.7,0,0,Kalvin Phillips,1,0.6,MF,0.04,Leeds United,1995,0.2,0.6,20,0.9,4,1596,0.05,0.06,0,0.06,0.04,0.00,18,0.06,0.05,0,0.01,0.00
0,19,0.1,0,0,Jaden Philogene Bidace,0,0.0,FW,0.00,Aston Villa,2002,0.0,0.0,1,0.0,0,5,0.00,0.00,0,0.00,0.00,0.00,0,0.00,0.00,0,0.00,0.00
0,27,35.0,0,0,Jordan Pickford,0,0.0,GK,0.00,Everton,1994,0.1,0.0,35,0.1,2,3150,0.00,0.00,0,0.00,0.00,0.00,35,0.00,0.00,0,0.00,0.00
0,32,8.1,0,0,Erik Pieters,1,0.2,DF,0.02,Burnley,1988,0.8,0.2,12,1.0,1,730,0.13,0.12,0,0.12,0.02,0.00,8,0.12,0.13,0,0.10,0.00
0,28,29.9,0,1,Ethan Pinnock,1,1.5,DF,0.05,Brentford,1993,1.2,1.5,32,2.8,1,2694,0.09,0.03,0,0.07,0.05,0.03,32,0.07,0.09,1,0.04,0.03
0,25,16.5,0,2,Daniel Podence,3,1.9,"FW,MF",0.12,Wolves,1995,3.8,1.9,26,5.8,2,1484,0.35,0.18,0,0.30,0.12,0.12,15,0.30,0.35,2,0.23,0.12
0,28,15.0,0,1,Paul Pogba,9,2.4,"MF,FW",0.16,Manchester Utd,1993,3.5,2.4,20,6.0,7,1349,0.40,0.60,1,0.67,0.16,0.07,16,0.67,0.40,1,0.24,0.07
0,29,36.0,0,0,Nick Pope,0,0.0,GK,0.00,Burnley,1992,0.2,0.0,36,0.2,1,3240,0.01,0.00,0,0.00,0.00,0.00,36,0.00,0.01,0,0.01,0.00
0,17,0.2,0,0,Isaac Price,0,0.2,MF,1.03,Everton,2003,0.0,0.2,1,0.2,0,14,1.03,0.00,0,0.00,1.03,0.00,0,0.00,1.03,0,0.00,0.00
3,31,36.1,3,8,Teemu Pukki,3,11.5,FW,0.26,Norwich City,1990,2.8,9.2,37,12.0,4,3253,0.33,0.08,0,0.30,0.32,0.30,37,0.39,0.40,11,0.08,0.22
0,22,14.3,0,6,Christian Pulisic,2,5.1,"MF,FW",0.35,Chelsea,1998,1.2,5.1,22,6.3,2,1290,0.44,0.14,0,0.56,0.35,0.42,13,0.56,0.44,6,0.08,0.42
0,23,5.6,0,0,Przemysław Płacheta,0,0.5,"FW,MF",0.10,Norwich City,1998,0.7,0.5,12,1.3,1,504,0.23,0.00,0,0.00,0.10,0.00,6,0.00,0.23,0,0.13,0.00
0,18,0.9,0,0,Jesuran Rak Sakyi,0,0.0,"FW,MF",0.00,Crystal Palace,2002,0.0,0.0,2,0.0,0,80,0.00,0.00,0,0.00,0.00,0.00,1,0.00,0.00,0,0.00,0.00
0,23,34.0,0,0,Aaron Ramsdale,0,0.0,GK,0.00,Arsenal,1998,0.0,0.0,34,0.0,1,3060,0.00,0.00,0,0.00,0.00,0.00,34,0.00,0.00,0,0.00,0.00
0,20,27.4,0,6,Jacob Ramsey,1,3.8,MF,0.14,Aston Villa,2001,2.0,3.8,34,5.8,6,2467,0.21,0.04,0,0.26,0.14,0.22,29,0.26,0.21,6,0.07,0.22
4,24,32.4,4,7,Raphinha,3,11.2,"FW,MF",0.25,Leeds United,1996,6.8,8.2,35,15.0,7,2915,0.46,0.09,0,0.31,0.35,0.34,34,0.43,0.56,11,0.21,0.22
0,23,13.7,0,4,Marcus Rashford,2,2.4,"FW,MF",0.18,Manchester Utd,1997,2.0,2.4,25,4.4,2,1235,0.32,0.15,0,0.44,0.18,0.29,13,0.44,0.32,4,0.14,0.29
0,25,24.8,0,1,Milot Rashica,2,2.7,"FW,MF",0.11,Norwich City,1996,2.6,2.7,31,5.3,0,2229,0.21,0.08,0,0.12,0.11,0.04,25,0.12,0.21,1,0.10,0.04
0,25,24.0,0,0,David Raya,0,0.0,GK,0.00,Brentford,1995,0.0,0.0,24,0.0,1,2160,0.00,0.00,0,0.00,0.00,0.00,24,0.00,0.00,0,0.00,0.00
0,27,20.4,0,1,Nathan Redmond,5,1.9,"MF,FW",0.09,Southampton,1994,4.3,1.9,27,6.3,0,1833,0.31,0.25,0,0.29,0.09,0.05,20,0.29,0.31,1,0.21,0.05
0,24,21.3,0,2,Sergio Reguilón,3,3.0,DF,0.14,Tottenham,1996,4.0,3.0,25,7.0,4,1916,0.33,0.14,0,0.23,0.14,0.09,22,0.23,0.33,2,0.19,0.09
0,22,35.3,0,1,Declan Rice,4,1.1,MF,0.03,West Ham,1999,2.0,1.1,36,3.0,8,3179,0.09,0.11,0,0.14,0.03,0.03,35,0.14,0.09,1,0.06,0.03
0,20,0.3,0,0,Taylor Richards,0,0.0,"MF,FW",0.14,Brighton,2000,0.0,0.0,2,0.0,0,25,0.14,0.00,0,0.00,0.14,0.00,0,0.00,0.14,0,0.00,0.00
3,24,28.0,3,7,Richarlison,5,10.2,"FW,MF",0.28,Everton,1997,2.4,7.9,30,10.3,9,2523,0.37,0.18,0,0.43,0.36,0.36,28,0.54,0.45,10,0.09,0.25
0,24,1.3,0,0,Jaïro Riedewald,0,0.0,MF,0.00,Crystal Palace,1996,0.1,0.0,3,0.1,0,118,0.06,0.00,0,0.00,0.00,0.00,1,0.00,0.06,0,0.06,0.00
0,31,14.9,0,0,Matt Ritchie,2,0.4,DF,0.03,Newcastle Utd,1989,1.6,0.4,18,2.1,5,1337,0.14,0.13,0,0.13,0.03,0.00,14,0.13,0.14,0,0.11,0.00
0,25,18.8,0,1,Connor Roberts,1,0.2,DF,0.01,Burnley,1995,1.1,0.2,21,1.3,2,1692,0.07,0.05,0,0.11,0.01,0.05,19,0.11,0.07,1,0.06,0.05
0,22,11.0,0,1,Tyler Roberts,1,2.4,"MF,FW",0.22,Leeds United,1999,1.2,2.4,23,3.7,5,987,0.34,0.09,0,0.18,0.22,0.09,7,0.18,0.34,1,0.11,0.09
0,27,28.2,0,3,Andrew Robertson,10,1.9,DF,0.07,Liverpool,1994,5.2,1.9,29,7.0,5,2537,0.25,0.35,1,0.46,0.07,0.11,29,0.46,0.25,3,0.18,0.11
0,23,1.0,0,0,Joe Rodon,0,0.0,DF,0.00,Tottenham,1997,0.0,0.0,3,0.0,0,89,0.00,0.00,0,0.00,0.00,0.00,0,0.00,0.00,0,0.00,0.00
0,25,32.0,0,7,Rodri,2,2.7,MF,0.08,Manchester City,1996,1.4,2.7,33,4.1,5,2884,0.13,0.06,0,0.28,0.08,0.22,33,0.28,0.13,7,0.04,0.22
1,30,25.2,1,5,Rodrigo,1,4.9,"MF,FW",0.16,Leeds United,1991,4.6,4.1,31,8.8,9,2265,0.35,0.04,0,0.24,0.19,0.24,27,0.28,0.38,6,0.18,0.20
0,32,15.4,0,2,Jay Rodriguez,2,4.7,FW,0.30,Burnley,1989,1.9,4.7,29,6.6,3,1382,0.43,0.13,0,0.26,0.30,0.13,13,0.26,0.43,2,0.12,0.13
0,22,13.8,0,1,Mads Roerslev,1,0.3,DF,0.02,Brentford,1999,0.9,0.3,21,1.2,1,1240,0.08,0.07,0,0.15,0.02,0.07,12,0.15,0.08,1,0.06,0.07
0,23,20.5,0,1,Cristian Romero,0,0.7,DF,0.03,Tottenham,1998,0.5,0.7,22,1.1,8,1844,0.05,0.00,0,0.05,0.03,0.05,21,0.05,0.05,1,0.02,0.05
0,29,32.1,0,2,Oriol Romeu,2,1.3,MF,0.04,Southampton,1991,2.8,1.3,36,4.1,9,2889,0.13,0.06,0,0.12,0.04,0.06,34,0.12,0.13,2,0.09,0.06
3,36,27.3,3,15,Cristiano Ronaldo,3,16.5,FW,0.52,Manchester Utd,1985,3.1,14.2,30,17.3,8,2456,0.64,0.11,0,0.66,0.61,0.66,27,0.77,0.72,18,0.11,0.55
0,31,8.8,0,1,Salomón Rondón,1,2.2,FW,0.25,Everton,1989,0.7,2.2,20,2.9,3,790,0.33,0.11,1,0.23,0.25,0.11,8,0.23,0.33,1,0.09,0.11
0,31,7.7,0,0,Danny Rose,0,0.2,DF,0.02,Watford,1990,0.8,0.2,8,0.9,4,689,0.12,0.00,0,0.00,0.02,0.00,7,0.00,0.12,0,0.10,0.00
0,18,2.5,0,0,Jon Rowe,1,0.4,"FW,MF",0.16,Norwich City,2003,0.3,0.4,13,0.7,0,223,0.30,0.40,0,0.40,0.16,0.00,0,0.40,0.30,0,0.14,0.00
0,34,1.5,0,0,John Ruddy,0,0.0,GK,0.00,Wolves,1986,0.0,0.0,2,0.0,0,135,0.00,0.00,0,0.00,0.00,0.00,1,0.00,0.00,0,0.00,0.00
0,28,33.7,0,3,Antonio Rüdiger,0,2.8,DF,0.08,Chelsea,1993,1.1,2.8,34,3.9,9,3035,0.12,0.00,0,0.09,0.08,0.09,34,0.09,0.12,3,0.03,0.09
0,30,8.5,0,0,Lukas Rupp,0,0.7,MF,0.08,Norwich City,1991,1.2,0.7,19,1.9,0,769,0.22,0.00,0,0.00,0.08,0.00,7,0.00,0.22,0,0.14,0.00
0,28,36.5,0,0,José Sá,1,0.0,GK,0.00,Wolves,1993,1.0,0.0,37,1.0,3,3285,0.03,0.03,0,0.03,0.00,0.00,37,0.03,0.03,0,0.03,0.00
0,24,31.2,0,5,Allan Saint-Maximin,5,5.1,"FW,MF",0.16,Newcastle Utd,1997,5.8,5.1,35,10.9,6,2804,0.35,0.16,0,0.32,0.16,0.16,31,0.32,0.35,5,0.19,0.16
0,31,30.1,0,2,Romain Saïss,0,2.7,DF,0.09,Wolves,1990,0.4,2.7,31,3.1,6,2705,0.10,0.00,0,0.07,0.09,0.07,31,0.07,0.10,2,0.01,0.07
2,19,33.1,2,9,Bukayo Saka,7,9.7,"FW,MF",0.25,Arsenal,2001,6.9,8.2,38,15.2,6,2978,0.46,0.21,0,0.48,0.29,0.33,36,0.54,0.50,11,0.21,0.27
5,29,30.7,6,18,Mohamed Salah,13,21.8,FW,0.55,Liverpool,1992,10.4,17.0,35,27.4,1,2762,0.89,0.42,0,1.01,0.71,0.75,30,1.17,1.05,23,0.34,0.59
0,22,33.0,0,0,Mohammed Salisu,0,1.8,DF,0.06,Southampton,1999,0.5,1.8,34,2.3,10,2972,0.07,0.00,1,0.00,0.06,0.00,33,0.00,0.07,0,0.02,0.00
0,21,12.6,0,0,Albert Sambi Lokonga,0,0.6,MF,0.05,Arsenal,1999,0.8,0.6,19,1.4,5,1134,0.11,0.00,0,0.00,0.05,0.00,12,0.00,0.11,0,0.06,0.00
0,25,18.1,0,2,Davinson Sánchez,0,2.1,DF,0.11,Tottenham,1996,0.4,2.1,23,2.5,4,1631,0.14,0.00,0,0.11,0.11,0.11,17,0.11,0.14,2,0.02,0.11
0,23,37.0,0,0,Robert Sánchez,0,0.0,GK,0.00,Brighton,1997,0.4,0.0,37,0.4,3,3329,0.01,0.00,1,0.00,0.00,0.00,37,0.00,0.01,0,0.01,0.00
0,21,21.1,0,3,Jadon Sancho,3,3.3,"FW,MF",0.16,Manchester Utd,2000,4.2,3.3,29,7.5,0,1900,0.36,0.14,0,0.28,0.16,0.14,20,0.28,0.36,3,0.20,0.14
0,26,4.0,0,0,Morgan Sanson,0,0.0,MF,0.00,Aston Villa,1994,0.0,0.0,10,0.0,0,356,0.01,0.00,0,0.00,0.00,0.00,3,0.00,0.01,0,0.00,0.00
0,26,18.6,0,0,Samir Santos,0,0.3,DF,0.02,Watford,1994,0.1,0.3,19,0.5,4,1673,0.02,0.00,0,0.00,0.02,0.00,19,0.00,0.02,0,0.01,0.00
0,21,17.5,0,2,Josh Sargent,1,2.7,"FW,MF",0.16,Norwich City,2000,0.7,2.7,26,3.5,1,1572,0.20,0.06,0,0.17,0.16,0.11,18,0.17,0.20,2,0.04,0.11
0,19,0.5,0,0,Jeremy Sarmiento,0,0.0,"FW,MF",0.00,Brighton,2002,0.0,0.0,5,0.0,0,48,0.00,0.00,0,0.00,0.00,0.00,1,0.00,0.00,0,0.00,0.00
0,23,20.7,1,5,Ismaila Sarr,2,4.2,"FW,MF",0.17,Watford,1998,2.5,3.5,22,6.0,2,1861,0.29,0.10,0,0.34,0.20,0.24,21,0.34,0.33,5,0.12,0.24
0,22,6.1,0,0,Malang Sarr,0,0.0,DF,0.01,Chelsea,1999,0.4,0.0,8,0.4,2,546,0.07,0.00,0,0.00,0.01,0.00,6,0.00,0.07,0,0.06,0.00
0,17,0.0,0,0,Dane Scarlett,0,0.0,MF,0.00,Tottenham,2004,0.0,0.0,1,0.0,0,4,0.00,0.00,0,0.00,0.00,0.00,0,0.00,0.00,0,0.00,0.00
0,29,24.0,0,2,Fabian Schär,2,1.3,DF,0.06,Newcastle Utd,1991,0.6,1.3,25,2.0,4,2158,0.08,0.08,0,0.17,0.06,0.08,25,0.17,0.08,2,0.03,0.08
0,28,20.6,0,4,Jeffrey Schlupp,1,3.1,"MF,FW",0.15,Crystal Palace,1992,1.8,3.1,32,4.9,1,1851,0.24,0.05,0,0.24,0.15,0.19,20,0.24,0.24,4,0.09,0.19
0,34,37.0,0,0,Kasper Schmeichel,0,0.0,GK,0.00,Leicester City,1986,0.0,0.0,37,0.0,2,3330,0.00,0.00,0,0.00,0.00,0.00,37,0.00,0.00,0,0.00,0.00
0,27,9.5,0,0,Ken Sema,0,0.2,"MF,FW",0.02,Watford,1993,1.2,0.2,18,1.4,1,852,0.14,0.00,0,0.00,0.02,0.00,7,0.00,0.14,0,0.13,0.00
0,27,23.7,0,0,Nélson Semedo,1,1.4,DF,0.06,Wolves,1993,1.2,1.4,25,2.6,1,2131,0.11,0.04,0,0.04,0.06,0.00,25,0.04,0.11,0,0.05,0.00
0,21,11.6,0,0,Ryan Sessegnon,2,0.4,DF,0.03,Tottenham,2000,2.9,0.4,15,3.3,2,1047,0.28,0.17,0,0.17,0.03,0.00,13,0.17,0.28,0,0.25,0.00
0,21,7.9,0,0,Jamie Shackleton,0,0.2,"DF,MF",0.02,Leeds United,1999,0.0,0.2,14,0.2,4,709,0.03,0.00,0,0.00,0.02,0.00,7,0.00,0.03,0,0.01,0.00
0,26,17.8,0,0,Luke Shaw,3,0.2,DF,0.01,Manchester Utd,1995,3.2,0.2,20,3.4,8,1601,0.19,0.17,0,0.17,0.01,0.00,19,0.17,0.19,0,0.18,0.00
0,29,22.0,0,2,Jonjo Shelvey,1,0.9,MF,0.04,Newcastle Utd,1992,0.8,0.9,24,1.7,7,1983,0.08,0.05,1,0.14,0.04,0.09,22,0.14,0.08,2,0.04,0.09
0,17,0.2,0,0,Shola Shoretire,0,0.0,FW,0.00,Manchester Utd,2004,0.0,0.0,1,0.0,0,16,0.00,0.00,0,0.00,0.00,0.00,0,0.00,0.00,0,0.00,0.00
0,24,4.7,0,0,Francisco Sierralta,0,0.0,DF,0.01,Watford,1997,0.0,0.0,5,0.0,0,427,0.01,0.00,0,0.00,0.01,0.00,5,0.00,0.01,0,0.00,0.00
0,26,31.7,0,8,Bernardo Silva,4,6.8,"MF,FW",0.21,Manchester City,1994,5.2,6.8,35,12.0,6,2857,0.38,0.13,0,0.38,0.21,0.25,33,0.38,0.38,8,0.16,0.25
0,19,6.4,0,0,Fábio Silva,0,2.3,FW,0.36,Wolves,2002,0.2,2.3,22,2.4,0,572,0.38,0.00,0,0.00,0.36,0.00,6,0.00,0.38,0,0.02,0.00
0,36,29.4,0,3,Thiago Silva,0,0.9,DF,0.03,Chelsea,1984,0.2,0.9,32,1.1,2,2650,0.04,0.00,0,0.10,0.03,0.10,28,0.10,0.04,3,0.01,0.10
0,20,0.7,0,0,Ellis Simms,0,0.0,FW,0.00,Everton,2001,0.0,0.0,1,0.0,0,61,0.00,0.00,0,0.00,0.00,0.00,1,0.00,0.00,0,0.00,0.00
0,31,35.8,0,2,Moussa Sissoko,1,3.4,MF,0.10,Watford,1989,2.8,3.4,36,6.2,5,3220,0.17,0.03,0,0.08,0.10,0.06,36,0.08,0.17,2,0.08,0.06
0,20,15.0,0,0,Oliver Skipp,0,0.2,MF,0.01,Tottenham,2000,0.9,0.2,18,1.1,6,1350,0.07,0.00,0,0.00,0.01,0.00,14,0.00,0.07,0,0.06,0.00
0,21,1.5,0,0,William Smallbone,0,0.1,"MF,FW",0.05,Southampton,2000,0.1,0.1,4,0.2,0,133,0.12,0.00,0,0.00,0.05,0.00,2,0.00,0.12,0,0.06,0.00
0,21,21.3,0,10,Emile Smith Rowe,2,5.8,"MF,FW",0.27,Arsenal,2000,2.2,5.8,33,8.0,1,1921,0.37,0.09,0,0.56,0.27,0.47,21,0.56,0.37,10,0.10,0.47
0,29,16.5,0,1,Cédric Soares,1,0.5,DF,0.03,Arsenal,1991,1.4,0.5,21,2.0,3,1486,0.12,0.06,0,0.12,0.03,0.06,16,0.12,0.12,1,0.09,0.06
0,26,34.0,0,5,Tomáš Souček,1,4.8,MF,0.13,West Ham,1995,1.5,4.4,35,5.9,3,3062,0.17,0.03,0,0.18,0.14,0.15,34,0.18,0.19,5,0.05,0.15
0,22,12.2,0,0,Boubakary Soumaré,1,0.4,MF,0.03,Leicester City,1999,0.4,0.4,19,0.8,0,1102,0.06,0.08,0,0.08,0.03,0.00,12,0.08,0.06,0,0.03,0.00
0,25,27.7,0,1,Çağlar Söyüncü,0,1.4,DF,0.05,Leicester City,1996,0.1,1.4,28,1.5,5,2497,0.05,0.00,0,0.04,0.05,0.04,28,0.04,0.05,1,0.00,0.04
0,18,1.6,0,0,Tony Springett,0,0.3,"FW,MF",0.17,Norwich City,2002,0.4,0.3,3,0.6,1,141,0.40,0.00,0,0.00,0.17,0.00,1,0.00,0.40,0,0.22,0.00
0,30,1.0,0,0,Jason Steele,0,0.0,GK,0.00,Brighton,1990,0.0,0.0,1,0.0,0,90,0.00,0.00,0,0.00,0.00,0.00,1,0.00,0.00,0,0.00,0.00
0,28,1.0,0,0,Jed Steer,0,0.0,GK,0.00,Aston Villa,1992,0.0,0.0,1,0.0,0,90,0.00,0.00,0,0.00,0.00,0.00,1,0.00,0.00,0,0.00,0.00
0,26,1.0,0,0,Zack Steffen,0,0.0,GK,0.00,Manchester City,1995,0.0,0.0,1,0.0,0,90,0.00,0.00,0,0.00,0.00,0.00,1,0.00,0.00,0,0.00,0.00
0,32,1.4,0,0,Dale Stephens,0,0.0,MF,0.02,Burnley,1989,0.0,0.0,3,0.1,1,124,0.06,0.00,0,0.00,0.02,0.00,1,0.00,0.06,0,0.03,0.00
0,27,9.0,0,0,Jack Stephens,0,0.0,DF,0.00,Southampton,1994,0.3,0.0,11,0.3,3,811,0.03,0.00,0,0.00,0.00,0.00,9,0.00,0.03,0,0.03,0.00
2,26,23.6,3,11,Raheem Sterling,5,14.4,FW,0.51,Manchester City,1994,4.6,12.0,30,16.6,1,2128,0.70,0.21,0,0.68,0.61,0.55,23,0.76,0.81,13,0.20,0.47
0,18,0.2,0,0,Finley Stevens,0,0.0,DF,0.00,Brentford,2003,0.0,0.0,1,0.0,0,15,0.25,0.00,0,0.00,0.00,0.00,0,0.00,0.25,0,0.25,0.00
0,27,12.4,0,1,John Stones,0,1.0,DF,0.08,Manchester City,1994,0.1,1.0,14,1.1,0,1119,0.09,0.00,0,0.08,0.08,0.08,12,0.08,0.09,1,0.01,0.08
0,21,22.8,0,1,Pascal Struijk,0,1.3,DF,0.06,Leeds United,1999,0.3,1.3,29,1.6,6,2055,0.07,0.00,1,0.04,0.06,0.04,22,0.04,0.07,1,0.01,0.04
0,19,1.4,0,0,Crysencio Summerville,0,0.3,"MF,FW",0.18,Leeds United,2001,0.1,0.3,6,0.3,0,130,0.21,0.00,0,0.00,0.18,0.00,0,0.00,0.21,0,0.03,0.00
0,23,6.7,0,0,Jakob Sørensen,0,0.4,"MF,DF",0.06,Norwich City,1998,0.0,0.4,10,0.4,0,604,0.06,0.00,0,0.00,0.06,0.00,6,0.00,0.06,0,0.00,0.00
0,22,8.2,0,0,Japhet Tanganga,0,0.4,DF,0.05,Tottenham,1999,0.4,0.4,11,0.7,4,735,0.09,0.00,1,0.00,0.05,0.00,10,0.00,0.09,0,0.05,0.00
0,25,15.9,0,1,Matt Targett,1,0.5,DF,0.03,Aston Villa,1995,2.2,0.5,17,2.7,2,1431,0.17,0.06,0,0.13,0.03,0.06,17,0.13,0.17,1,0.14,0.06
0,25,16.0,0,0,Matt Targett,0,0.3,DF,0.02,Newcastle Utd,1995,1.6,0.3,16,1.9,1,1440,0.12,0.00,0,0.00,0.02,0.00,16,0.00,0.12,0,0.10,0.00
0,28,34.5,0,1,James Tarkowski,2,2.0,DF,0.06,Burnley,1992,0.6,2.0,35,2.6,11,3106,0.08,0.06,0,0.09,0.06,0.03,35,0.09,0.08,1,0.02,0.03
0,21,13.1,0,1,Nuno Tavares,1,1.5,DF,0.11,Arsenal,2000,1.0,1.5,22,2.5,2,1176,0.19,0.08,0,0.15,0.11,0.08,13,0.15,0.19,1,0.08,0.08
0,27,30.3,0,0,Charlie Taylor,3,0.2,DF,0.01,Burnley,1993,3.5,0.2,31,3.7,3,2731,0.12,0.10,0,0.10,0.01,0.00,30,0.10,0.12,0,0.11,0.00
0,22,8.9,0,0,Nathan Tella,1,0.5,"MF,FW",0.06,Southampton,1999,0.7,0.5,14,1.3,2,804,0.14,0.11,0,0.11,0.06,0.00,10,0.11,0.14,0,0.08,0.00
0,28,18.4,0,0,Alex Telles,4,0.5,DF,0.03,Manchester Utd,1992,2.0,0.5,21,2.4,1,1660,0.13,0.22,0,0.22,0.03,0.00,18,0.22,0.13,0,0.11,0.00
0,20,21.2,0,0,Luke Thomas,1,0.2,DF,0.01,Leicester City,2001,1.6,0.2,22,1.8,2,1912,0.08,0.05,0,0.05,0.01,0.00,21,0.05,0.08,0,0.07,0.00
0,21,1.6,0,0,Dominic Thompson,0,0.0,DF,0.01,Brentford,2000,0.0,0.0,2,0.0,0,146,0.01,0.00,0,0.00,0.01,0.00,2,0.00,0.01,0,0.00,0.00
2,24,29.2,2,4,Youri Tielemans,4,4.6,MF,0.11,Leicester City,1997,4.9,3.1,32,7.9,3,2631,0.27,0.14,0,0.27,0.16,0.21,29,0.34,0.32,6,0.17,0.14
0,24,21.3,0,1,Kieran Tierney,3,0.7,DF,0.03,Arsenal,1997,1.9,0.7,22,2.6,0,1915,0.12,0.14,0,0.19,0.03,0.05,22,0.19,0.12,1,0.09,0.05
0,22,18.7,0,0,Takehiro Tomiyasu,1,0.8,DF,0.04,Arsenal,1998,0.6,0.8,21,1.4,2,1679,0.08,0.05,0,0.05,0.04,0.00,20,0.05,0.08,0,0.03,0.00
0,32,6.1,0,1,James Tomkins,0,0.6,DF,0.09,Crystal Palace,1989,0.4,0.6,8,0.9,2,547,0.15,0.00,0,0.16,0.09,0.16,6,0.16,0.15,1,0.06,0.16
5,25,32.3,5,7,Ivan Toney,5,12.0,FW,0.25,Brentford,1996,5.8,8.2,33,14.0,8,2909,0.43,0.15,0,0.37,0.37,0.37,32,0.53,0.55,12,0.18,0.22
0,21,3.4,0,2,Ferrán Torres,1,2.5,FW,0.74,Manchester City,2000,0.0,2.5,4,2.5,0,303,0.75,0.30,0,0.89,0.74,0.59,4,0.89,0.75,2,0.01,0.59
0,30,0.1,0,0,Cenk Tosun,0,0.0,FW,0.00,Everton,1991,0.0,0.0,1,0.0,0,7,0.00,0.00,0,0.00,0.00,0.00,0,0.00,0.00,0,0.00,0.00
1,30,16.2,1,2,Andros Townsend,2,2.3,MF,0.09,Everton,1991,2.4,1.5,21,3.9,3,1455,0.24,0.12,0,0.25,0.14,0.19,17,0.31,0.29,3,0.15,0.12
0,25,11.9,0,1,Adama Traoré,0,2.4,FW,0.20,Wolves,1996,1.7,2.4,20,4.1,0,1067,0.35,0.00,0,0.08,0.20,0.08,10,0.08,0.35,1,0.15,0.08
0,25,2.4,0,0,Bertrand Traoré,0,0.3,"MF,FW",0.13,Aston Villa,1995,0.0,0.3,9,0.3,0,220,0.13,0.00,0,0.00,0.13,0.00,1,0.00,0.13,0,0.00,0.00
0,26,0.1,0,0,Trézéguet,0,0.1,FW,0.51,Aston Villa,1994,0.0,0.1,1,0.1,0,11,0.51,0.00,0,0.00,0.51,0.00,0,0.00,0.51,0,0.00,0.00
0,21,14.8,0,2,Francisco Trincão,1,3.4,"FW,MF",0.23,Wolves,1999,1.2,3.4,28,4.6,0,1336,0.31,0.07,0,0.20,0.23,0.13,16,0.20,0.31,2,0.08,0.13
0,30,4.8,0,2,Kieran Trippier,0,0.1,DF,0.03,Newcastle Utd,1990,0.4,0.1,6,0.6,0,429,0.12,0.00,0,0.42,0.03,0.42,5,0.42,0.12,2,0.09,0.42
0,27,15.4,0,0,William Troost-Ekong,0,0.1,DF,0.01,Watford,1993,0.1,0.1,17,0.2,3,1390,0.01,0.00,0,0.00,0.01,0.00,15,0.00,0.01,0,0.01,0.00
1,26,31.2,1,7,Leandro Trossard,3,6.8,"FW,MF",0.19,Brighton,1994,4.1,6.0,34,10.1,2,2805,0.32,0.10,0,0.32,0.22,0.26,32,0.35,0.35,8,0.13,0.22
0,25,9.7,0,0,Kostas Tsimikas,2,0.5,DF,0.06,Liverpool,1996,2.6,0.5,13,3.1,3,877,0.32,0.21,0,0.21,0.06,0.00,9,0.21,0.32,0,0.26,0.00
0,23,5.6,0,0,Axel Tuanzebe,0,0.2,DF,0.03,Aston Villa,1997,0.0,0.2,9,0.2,1,508,0.03,0.00,0,0.00,0.03,0.00,6,0.00,0.03,0,0.00,0.00
0,26,3.7,0,0,Ozan Tufan,0,0.5,MF,0.14,Watford,1995,0.2,0.5,7,0.8,0,334,0.20,0.00,0,0.00,0.14,0.00,4,0.00,0.20,0,0.07,0.00
0,19,3.7,0,0,Christos Tzolis,0,0.5,"FW,MF",0.13,Norwich City,2002,1.0,0.5,14,1.4,0,336,0.38,0.00,0,0.00,0.13,0.00,3,0.00,0.38,0,0.26,0.00
0,22,4.1,0,0,Yan Valery,0,0.0,DF,0.01,Southampton,1999,0.1,0.0,5,0.1,0,370,0.03,0.00,0,0.00,0.01,0.00,3,0.00,0.03,0,0.02,0.00
0,28,20.3,0,1,Raphaël Varane,1,0.8,DF,0.04,Manchester Utd,1993,0.2,0.8,22,1.0,0,1831,0.05,0.05,0,0.10,0.04,0.05,20,0.10,0.05,1,0.01,0.05
0,34,20.1,0,15,Jamie Vardy,2,9.5,FW,0.47,Leicester City,1987,1.6,9.5,25,11.1,2,1806,0.55,0.10,0,0.85,0.47,0.75,20,0.85,0.55,15,0.08,0.75
0,29,31.9,0,1,Joël Veltman,1,0.9,DF,0.03,Brighton,1992,1.1,0.9,34,2.0,6,2874,0.06,0.03,0,0.06,0.03,0.03,33,0.06,0.06,1,0.03,0.03
0,28,6.3,0,0,Jannik Vestergaard,0,0.1,DF,0.01,Leicester City,1992,0.0,0.1,10,0.1,2,567,0.01,0.00,0,0.00,0.01,0.00,6,0.00,0.01,0,0.01,0.00
0,23,6.2,0,1,Nikola Vlašić,0,1.0,"FW,MF",0.16,West Ham,1997,0.4,1.0,19,1.4,0,560,0.23,0.00,0,0.16,0.16,0.16,6,0.16,0.23,1,0.07,0.16
0,29,7.5,0,2,Matěj Vydra,3,3.0,FW,0.40,Burnley,1992,0.6,3.0,22,3.6,1,679,0.48,0.40,0,0.66,0.40,0.27,5,0.66,0.48,2,0.08,0.27
0,32,4.2,0,0,Theo Walcott,0,0.7,"MF,FW",0.17,Southampton,1989,0.0,0.7,9,0.7,0,379,0.18,0.00,0,0.00,0.17,0.00,5,0.00,0.18,0,0.01,0.00
0,31,19.5,0,0,Kyle Walker,2,0.3,DF,0.01,Manchester City,1990,1.2,0.3,20,1.4,1,1755,0.07,0.10,0,0.10,0.01,0.00,20,0.10,0.07,0,0.06,0.00
0,24,29.3,0,1,Kyle Walker-Peters,2,1.0,DF,0.03,Southampton,1997,2.9,1.0,32,3.8,5,2633,0.13,0.07,0,0.10,0.03,0.03,29,0.10,0.13,1,0.10,0.03
0,23,19.9,0,0,Aaron Wan-Bissaka,0,0.2,DF,0.01,Manchester Utd,1997,0.9,0.2,20,1.1,2,1793,0.06,0.00,0,0.00,0.01,0.00,20,0.00,0.06,0,0.05,0.00
0,28,1.0,0,0,Danny Ward,0,0.0,GK,0.00,Leicester City,1993,0.0,0.0,1,0.0,0,90,0.00,0.00,0,0.00,0.00,0.00,1,0.00,0.00,0,0.00,0.00
0,31,27.6,0,0,Joel Ward,0,0.4,DF,0.01,Crystal Palace,1989,0.6,0.4,28,1.0,8,2487,0.03,0.00,0,0.00,0.01,0.00,27,0.00,0.03,0,0.02,0.00
4,26,35.7,4,6,James Ward-Prowse,5,5.4,MF,0.07,Southampton,1994,6.2,2.3,36,8.5,3,3215,0.24,0.14,1,0.31,0.15,0.28,36,0.42,0.32,10,0.17,0.17
1,25,32.8,1,10,Ollie Watkins,2,12.2,FW,0.35,Aston Villa,1995,2.9,11.4,35,14.3,7,2952,0.44,0.06,0,0.37,0.37,0.34,33,0.40,0.46,11,0.09,0.30
0,26,15.9,0,2,Adam Webster,0,1.1,DF,0.07,Brighton,1995,0.1,1.1,22,1.2,5,1434,0.08,0.00,0,0.13,0.07,0.13,16,0.13,0.08,2,0.00,0.13
0,28,16.1,0,2,Wout Weghorst,3,4.2,FW,0.26,Burnley,1992,1.4,4.2,20,5.7,3,1450,0.35,0.19,0,0.31,0.26,0.12,17,0.31,0.35,2,0.09,0.12
0,30,16.4,0,6,Danny Welbeck,2,6.1,FW,0.37,Brighton,1990,1.0,6.1,25,7.1,0,1478,0.44,0.12,0,0.49,0.37,0.37,15,0.49,0.44,6,0.06,0.37
0,25,14.3,0,4,Timo Werner,1,7.6,"FW,MF",0.53,Chelsea,1996,0.4,7.6,21,8.0,1,1283,0.56,0.07,0,0.35,0.53,0.28,15,0.35,0.56,4,0.03,0.28
0,31,25.4,0,0,Ashley Westwood,3,0.8,MF,0.03,Burnley,1990,3.6,0.8,27,4.3,7,2287,0.17,0.12,0,0.12,0.03,0.00,26,0.12,0.17,0,0.14,0.00
0,23,32.0,0,0,Ben White,0,1.0,DF,0.03,Arsenal,1997,0.6,1.0,32,1.6,3,2880,0.05,0.00,0,0.00,0.03,0.00,32,0.00,0.05,0,0.02,0.00
0,20,23.6,0,0,Brandon Williams,1,0.2,DF,0.01,Norwich City,2000,1.3,0.2,26,1.5,8,2120,0.06,0.04,0,0.04,0.01,0.00,23,0.04,0.06,0,0.05,0.00
0,20,0.1,0,0,Neco Williams,1,0.0,DF,0.00,Liverpool,2001,0.6,0.0,1,0.6,0,8,6.50,11.25,0,11.25,0.00,0.00,0,11.25,6.50,0,6.50,0.00
0,21,22.6,0,2,Joe Willock,0,3.6,MF,0.16,Newcastle Utd,1999,1.2,3.6,29,4.8,0,2038,0.21,0.00,0,0.09,0.16,0.09,24,0.09,0.21,2,0.05,0.09
2,29,15.4,2,6,Callum Wilson,0,6.5,FW,0.32,Newcastle Utd,1992,0.6,5.0,18,5.5,4,1386,0.36,0.00,0,0.39,0.42,0.52,16,0.52,0.46,8,0.04,0.39
0,25,10.1,0,0,Harry Winks,1,0.1,MF,0.01,Tottenham,1996,1.5,0.1,19,1.6,2,912,0.16,0.10,0,0.10,0.01,0.00,9,0.10,0.16,0,0.15,0.00
0,24,14.3,0,7,Yoane Wissa,1,3.7,"FW,MF",0.26,Brentford,1996,0.7,3.7,30,4.4,0,1284,0.31,0.07,0,0.56,0.26,0.49,12,0.56,0.31,7,0.05,0.49
0,29,15.2,0,3,Chris Wood,0,4.5,FW,0.30,Burnley,1991,0.2,4.5,17,4.7,1,1367,0.31,0.00,0,0.20,0.30,0.20,17,0.20,0.31,3,0.02,0.20
1,29,14.7,1,1,Chris Wood,0,2.9,FW,0.14,Newcastle Utd,1991,1.0,2.1,17,3.1,0,1327,0.21,0.00,0,0.07,0.19,0.14,15,0.14,0.26,2,0.07,0.07
0,24,4.0,0,0,Freddie Woodman,0,0.0,GK,0.00,Newcastle Utd,1997,0.0,0.0,4,0.0,0,360,0.00,0.00,0,0.00,0.00,0.00,4,0.00,0.00,0,0.00,0.00
0,28,25.9,0,1,Granit Xhaka,2,1.2,"MF,DF",0.05,Arsenal,1992,2.3,1.2,27,3.5,10,2327,0.14,0.08,1,0.12,0.05,0.04,27,0.12,0.14,1,0.09,0.04
0,31,3.5,0,1,Andriy Yarmolenko,0,0.8,FW,0.24,West Ham,1989,0.2,0.8,19,1.0,1,316,0.29,0.00,0,0.28,0.24,0.28,1,0.28,0.29,1,0.05,0.28
0,36,13.9,0,0,Ashley Young,2,0.4,"DF,FW",0.03,Aston Villa,1985,0.7,0.4,24,1.1,2,1250,0.08,0.14,0,0.14,0.03,0.00,10,0.14,0.08,0,0.05,0.00
0,18,0.0,0,0,Nathan Young-Coombes,0,0.0,FW,0.00,Brentford,2003,0.0,0.0,1,0.0,0,4,0.00,0.00,0,0.00,0.00,0.00,0,0.00,0.00,0,0.00,0.00
5,28,30.7,7,9,Wilfried Zaha,1,9.4,FW,0.13,Crystal Palace,1992,4.8,4.0,33,8.8,6,2760,0.29,0.03,1,0.33,0.31,0.46,31,0.49,0.46,14,0.16,0.29
0,28,1.7,0,0,Christoph Zimmermann,0,0.1,DF,0.04,Norwich City,1993,0.0,0.1,3,0.1,0,157,0.04,0.00,0,0.00,0.04,0.00,2,0.00,0.04,0,0.00,0.00
0,24,11.6,0,0,Oleksandr Zinchenko,4,0.4,DF,0.04,Manchester City,1996,2.0,0.4,15,2.5,0,1047,0.21,0.34,0,0.34,0.04,0.00,10,0.34,0.21,0,0.18,0.00
0,28,14.7,0,4,Hakim Ziyech,3,3.4,"FW,MF",0.23,Chelsea,1993,3.5,3.4,23,6.9,3,1319,0.47,0.20,0,0.48,0.23,0.27,14,0.48,0.47,4,0.24,0.27
0,26,23.1,0,1,Kurt Zouma,0,0.9,DF,0.04,West Ham,1994,0.0,0.9,24,0.9,1,2078,0.04,0.00,0,0.04,0.04,0.04,24,0.04,0.04,1,0.00,0.04
0,22,30.9,0,7,Martin Ødegaard,4,4.8,MF,0.16,Arsenal,1998,6.8,4.8,36,11.6,4,2785,0.38,0.13,0,0.36,0.16,0.23,32,0.36,0.38,7,0.22,0.23
